[
  {
    "Vendor": "Suzuki",
    "Year": 1994,
    "Model": "Sidekick",
    "ImagePath": "https://image.smythstoys.com/original/desktop/102538.jpg"
  },
  {
    "Vendor": "Toyota",
    "Year": 1993,
    "Model": "Previa",
    "ImagePath": "https://image.smythstoys.com/original/desktop/102538.jpg"
  },
  {
    "Vendor": "GMC",
    "Year": 2001,
    "Model": "Sierra 3500",
    "ImagePath": "https://image.smythstoys.com/original/desktop/102538.jpg"
  },
  {
    "Vendor": "Nissan",
    "Year": 2005,
    "Model": "Quest",
    "ImagePath": "https://image.smythstoys.com/original/desktop/102538.jpg"
  },
  {
    "Vendor": "Chevrolet",
    "Year": 1997,
    "Model": "2500",
    "ImagePath": "https://image.smythstoys.com/original/desktop/102538.jpg"
  },
  {
    "Vendor": "Cadillac",
    "Year": 2008,
    "Model": "CTS",
    "ImagePath": "https://image.smythstoys.com/original/desktop/102538.jpg"
  },
  {
    "Vendor": "Dodge",
    "Year": 1997,
    "Model": "Caravan",
    "ImagePath": "https://image.smythstoys.com/original/desktop/102538.jpg"
  },
  {
    "Vendor": "Honda",
    "Year": 2005,
    "Model": "Odyssey",
    "ImagePath": "https://image.smythstoys.com/original/desktop/102538.jpg"
  },
  {
    "Vendor": "Saturn",
    "Year": 2008,
    "Model": "Astra",
    "ImagePath": "https://image.smythstoys.com/original/desktop/102538.jpg"
  },
  {
    "Vendor": "Volvo",
    "Year": 1999,
    "Model": "S80",
    "ImagePath": "https://image.smythstoys.com/original/desktop/102538.jpg"
  },
  {
    "Vendor": "Mazda",
    "Year": 1996,
    "Model": "MPV",
    "ImagePath": "https://image.smythstoys.com/original/desktop/102538.jpg"
  },
  {
    "Vendor": "Saab",
    "Year": 2010,
    "Model": "9-5",
    "ImagePath": "https://image.smythstoys.com/original/desktop/102538.jpg"
  },
  {
    "Vendor": "Mercedes-Benz",
    "Year": 1992,
    "Model": "500E",
    "ImagePath": "https://image.smythstoys.com/original/desktop/102538.jpg"
  },
  {
    "Vendor": "Buick",
    "Year": 1993,
    "Model": "Park Avenue",
    "ImagePath": "https://image.smythstoys.com/original/desktop/102538.jpg"
  },
  {
    "Vendor": "Land Rover",
    "Year": 2008,
    "Model": "Freelander",
    "ImagePath": "https://image.smythstoys.com/original/desktop/102538.jpg"
  },
  {
    "Vendor": "Isuzu",
    "Year": 1992,
    "Model": "Space",
    "ImagePath": "https://image.smythstoys.com/original/desktop/102538.jpg"
  },
  {
    "Vendor": "Saturn",
    "Year": 1996,
    "Model": "S-Series",
    "ImagePath": "https://image.smythstoys.com/original/desktop/102538.jpg"
  },
  {
    "Vendor": "Volkswagen",
    "Year": 1994,
    "Model": "Corrado",
    "ImagePath": "https://image.smythstoys.com/original/desktop/102538.jpg"
  },
  {
    "Vendor": "Nissan",
    "Year": 1995,
    "Model": "Pathfinder",
    "ImagePath": "https://image.smythstoys.com/original/desktop/102538.jpg"
  },
  {
    "Vendor": "Mazda",
    "Year": 2012,
    "Model": "Miata MX-5",
    "ImagePath": "https://image.smythstoys.com/original/desktop/102538.jpg"
  },
  {
    "Vendor": "Nissan",
    "Year": 1994,
    "Model": "Altima",
    "ImagePath": "https://image.smythstoys.com/original/desktop/102538.jpg"
  },
  {
    "Vendor": "Volvo",
    "Year": 2008,
    "Model": "S60",
    "ImagePath": "https://image.smythstoys.com/original/desktop/102538.jpg"
  },
  {
    "Vendor": "Honda",
    "Year": 1986,
    "Model": "Accord",
    "ImagePath": "https://image.smythstoys.com/original/desktop/102538.jpg"
  },
  {
    "Vendor": "Volkswagen",
    "Year": 1987,
    "Model": "Type 2",
    "ImagePath": "https://image.smythstoys.com/original/desktop/102538.jpg"
  },
  {
    "Vendor": "Hyundai",
    "Year": 1998,
    "Model": "Sonata",
    "ImagePath": "https://image.smythstoys.com/original/desktop/102538.jpg"
  },
  {
    "Vendor": "Infiniti",
    "Year": 2010,
    "Model": "EX",
    "ImagePath": "https://image.smythstoys.com/original/desktop/102538.jpg"
  },
  {
    "Vendor": "Honda",
    "Year": 1986,
    "Model": "Prelude",
    "ImagePath": "https://image.smythstoys.com/original/desktop/102538.jpg"
  },
  {
    "Vendor": "Mitsubishi",
    "Year": 2012,
    "Model": "Eclipse",
    "ImagePath": "https://image.smythstoys.com/original/desktop/102538.jpg"
  },
  {
    "Vendor": "Aston Martin",
    "Year": 2010,
    "Model": "DBS",
    "ImagePath": "https://image.smythstoys.com/original/desktop/102538.jpg"
  },
  {
    "Vendor": "Mitsubishi",
    "Year": 1999,
    "Model": "Eclipse",
    "ImagePath": "https://image.smythstoys.com/original/desktop/102538.jpg"
  },
  {
    "Vendor": "Toyota",
    "Year": 2001,
    "Model": "Tundra",
    "ImagePath": "https://image.smythstoys.com/original/desktop/102538.jpg"
  },
  {
    "Vendor": "Hyundai",
    "Year": 1992,
    "Model": "Scoupe",
    "ImagePath": "https://image.smythstoys.com/original/desktop/102538.jpg"
  },
  {
    "Vendor": "Buick",
    "Year": 1989,
    "Model": "Skyhawk",
    "ImagePath": "https://image.smythstoys.com/original/desktop/102538.jpg"
  },
  {
    "Vendor": "Ford",
    "Year": 1986,
    "Model": "Courier",
    "ImagePath": "https://image.smythstoys.com/original/desktop/102538.jpg"
  },
  {
    "Vendor": "Honda",
    "Year": 2008,
    "Model": "S2000",
    "ImagePath": "https://image.smythstoys.com/original/desktop/102538.jpg"
  },
  {
    "Vendor": "Cadillac",
    "Year": 2011,
    "Model": "CTS",
    "ImagePath": "https://image.smythstoys.com/original/desktop/102538.jpg"
  },
  {
    "Vendor": "Hyundai",
    "Year": 2011,
    "Model": "Tucson",
    "ImagePath": "https://image.smythstoys.com/original/desktop/102538.jpg"
  },
  {
    "Vendor": "Mercedes-Benz",
    "Year": 1981,
    "Model": "W126",
    "ImagePath": "https://image.smythstoys.com/original/desktop/102538.jpg"
  },
  {
    "Vendor": "Aston Martin",
    "Year": 2010,
    "Model": "Rapide",
    "ImagePath": "https://image.smythstoys.com/original/desktop/102538.jpg"
  },
  {
    "Vendor": "Chevrolet",
    "Year": 2009,
    "Model": "Cobalt",
    "ImagePath": "https://image.smythstoys.com/original/desktop/102538.jpg"
  },
  {
    "Vendor": "Toyota",
    "Year": 1996,
    "Model": "Celica",
    "ImagePath": "https://image.smythstoys.com/original/desktop/102538.jpg"
  },
  {
    "Vendor": "Dodge",
    "Year": 1993,
    "Model": "D350 Club",
    "ImagePath": "https://image.smythstoys.com/original/desktop/102538.jpg"
  },
  {
    "Vendor": "Nissan",
    "Year": 1996,
    "Model": "Altima",
    "ImagePath": "https://image.smythstoys.com/original/desktop/102538.jpg"
  },
  {
    "Vendor": "Volkswagen",
    "Year": 2011,
    "Model": "Golf",
    "ImagePath": "https://image.smythstoys.com/original/desktop/102538.jpg"
  },
  {
    "Vendor": "Chevrolet",
    "Year": 1996,
    "Model": "Camaro",
    "ImagePath": "https://image.smythstoys.com/original/desktop/102538.jpg"
  },
  {
    "Vendor": "Maserati",
    "Year": 2005,
    "Model": "Quattroporte",
    "ImagePath": "https://image.smythstoys.com/original/desktop/102538.jpg"
  },
  {
    "Vendor": "Nissan",
    "Year": 2010,
    "Model": "Sentra",
    "ImagePath": "https://image.smythstoys.com/original/desktop/102538.jpg"
  },
  {
    "Vendor": "Suzuki",
    "Year": 2004,
    "Model": "Verona",
    "ImagePath": "https://image.smythstoys.com/original/desktop/102538.jpg"
  },
  {
    "Vendor": "Rolls-Royce",
    "Year": 2010,
    "Model": "Phantom",
    "ImagePath": "https://image.smythstoys.com/original/desktop/102538.jpg"
  },
  {
    "Vendor": "Dodge",
    "Year": 2005,
    "Model": "Neon",
    "ImagePath": "https://image.smythstoys.com/original/desktop/102538.jpg"
  },
  {
    "Vendor": "BMW",
    "Year": 2005,
    "Model": "X3",
    "ImagePath": "https://image.smythstoys.com/original/desktop/102538.jpg"
  },
  {
    "Vendor": "Hyundai",
    "Year": 2009,
    "Model": "Entourage",
    "ImagePath": "https://image.smythstoys.com/original/desktop/102538.jpg"
  },
  {
    "Vendor": "Toyota",
    "Year": 2001,
    "Model": "Avalon",
    "ImagePath": "https://image.smythstoys.com/original/desktop/102538.jpg"
  },
  {
    "Vendor": "Cadillac",
    "Year": 1995,
    "Model": "DeVille",
    "ImagePath": "https://image.smythstoys.com/original/desktop/102538.jpg"
  },
  {
    "Vendor": "Mercedes-Benz",
    "Year": 1990,
    "Model": "S-Class",
    "ImagePath": "https://image.smythstoys.com/original/desktop/102538.jpg"
  },
  {
    "Vendor": "Austin",
    "Year": 1963,
    "Model": "Mini Cooper S",
    "ImagePath": "https://image.smythstoys.com/original/desktop/102538.jpg"
  },
  {
    "Vendor": "Jaguar",
    "Year": 1999,
    "Model": "XK Series",
    "ImagePath": "https://image.smythstoys.com/original/desktop/102538.jpg"
  },
  {
    "Vendor": "Mazda",
    "Year": 1994,
    "Model": "B-Series Plus",
    "ImagePath": "https://image.smythstoys.com/original/desktop/102538.jpg"
  },
  {
    "Vendor": "Oldsmobile",
    "Year": 1996,
    "Model": "Cutlass Supreme",
    "ImagePath": "https://image.smythstoys.com/original/desktop/102538.jpg"
  },
  {
    "Vendor": "Toyota",
    "Year": 2004,
    "Model": "Prius",
    "ImagePath": "https://image.smythstoys.com/original/desktop/102538.jpg"
  },
  {
    "Vendor": "Ford",
    "Year": 1986,
    "Model": "Thunderbird",
    "ImagePath": "https://image.smythstoys.com/original/desktop/102538.jpg"
  },
  {
    "Vendor": "Dodge",
    "Year": 1996,
    "Model": "Ram 2500",
    "ImagePath": "https://image.smythstoys.com/original/desktop/102538.jpg"
  },
  {
    "Vendor": "Saturn",
    "Year": 2002,
    "Model": "VUE",
    "ImagePath": "https://image.smythstoys.com/original/desktop/102538.jpg"
  },
  {
    "Vendor": "Chevrolet",
    "Year": 2007,
    "Model": "Suburban",
    "ImagePath": "https://image.smythstoys.com/original/desktop/102538.jpg"
  },
  {
    "Vendor": "Suzuki",
    "Year": 2007,
    "Model": "Reno",
    "ImagePath": "https://image.smythstoys.com/original/desktop/102538.jpg"
  },
  {
    "Vendor": "Audi",
    "Year": 1986,
    "Model": "5000CS Quattro",
    "ImagePath": "https://image.smythstoys.com/original/desktop/102538.jpg"
  },
  {
    "Vendor": "Volkswagen",
    "Year": 2011,
    "Model": "GTI",
    "ImagePath": "https://image.smythstoys.com/original/desktop/102538.jpg"
  },
  {
    "Vendor": "Mitsubishi",
    "Year": 1995,
    "Model": "Eclipse",
    "ImagePath": "https://image.smythstoys.com/original/desktop/102538.jpg"
  },
  {
    "Vendor": "Honda",
    "Year": 2004,
    "Model": "CR-V",
    "ImagePath": "https://image.smythstoys.com/original/desktop/102538.jpg"
  },
  {
    "Vendor": "Jeep",
    "Year": 2010,
    "Model": "Compass",
    "ImagePath": "https://image.smythstoys.com/original/desktop/102538.jpg"
  },
  {
    "Vendor": "Kia",
    "Year": 2006,
    "Model": "Spectra",
    "ImagePath": "https://image.smythstoys.com/original/desktop/102538.jpg"
  },
  {
    "Vendor": "GMC",
    "Year": 2007,
    "Model": "Acadia",
    "ImagePath": "https://image.smythstoys.com/original/desktop/102538.jpg"
  },
  {
    "Vendor": "BMW",
    "Year": 1997,
    "Model": "8 Series",
    "ImagePath": "https://image.smythstoys.com/original/desktop/102538.jpg"
  },
  {
    "Vendor": "Audi",
    "Year": 2008,
    "Model": "S8",
    "ImagePath": "https://image.smythstoys.com/original/desktop/102538.jpg"
  },
  {
    "Vendor": "Chevrolet",
    "Year": 1980,
    "Model": "Camaro",
    "ImagePath": "https://image.smythstoys.com/original/desktop/102538.jpg"
  },
  {
    "Vendor": "Oldsmobile",
    "Year": 1999,
    "Model": "Aurora",
    "ImagePath": "https://image.smythstoys.com/original/desktop/102538.jpg"
  },
  {
    "Vendor": "Mitsubishi",
    "Year": 2008,
    "Model": "Eclipse",
    "ImagePath": "https://image.smythstoys.com/original/desktop/102538.jpg"
  },
  {
    "Vendor": "Toyota",
    "Year": 1999,
    "Model": "Land Cruiser",
    "ImagePath": "https://image.smythstoys.com/original/desktop/102538.jpg"
  },
  {
    "Vendor": "Mercury",
    "Year": 1990,
    "Model": "Grand Marquis",
    "ImagePath": "https://image.smythstoys.com/original/desktop/102538.jpg"
  },
  {
    "Vendor": "Saturn",
    "Year": 2000,
    "Model": "L-Series",
    "ImagePath": "https://image.smythstoys.com/original/desktop/102538.jpg"
  },
  {
    "Vendor": "Pontiac",
    "Year": 1995,
    "Model": "Bonneville",
    "ImagePath": "https://image.smythstoys.com/original/desktop/102538.jpg"
  },
  {
    "Vendor": "Audi",
    "Year": 2010,
    "Model": "A6",
    "ImagePath": "https://image.smythstoys.com/original/desktop/102538.jpg"
  },
  {
    "Vendor": "Saab",
    "Year": 1992,
    "Model": "900",
    "ImagePath": "https://image.smythstoys.com/original/desktop/102538.jpg"
  },
  {
    "Vendor": "Bentley",
    "Year": 2008,
    "Model": "Continental",
    "ImagePath": "https://image.smythstoys.com/original/desktop/102538.jpg"
  },
  {
    "Vendor": "Mazda",
    "Year": 1983,
    "Model": "626",
    "ImagePath": "https://image.smythstoys.com/original/desktop/102538.jpg"
  },
  {
    "Vendor": "Porsche",
    "Year": 1988,
    "Model": "928",
    "ImagePath": "https://image.smythstoys.com/original/desktop/102538.jpg"
  },
  {
    "Vendor": "Toyota",
    "Year": 1996,
    "Model": "Land Cruiser",
    "ImagePath": "https://image.smythstoys.com/original/desktop/102538.jpg"
  },
  {
    "Vendor": "Volkswagen",
    "Year": 2000,
    "Model": "Eurovan",
    "ImagePath": "https://image.smythstoys.com/original/desktop/102538.jpg"
  },
  {
    "Vendor": "BMW",
    "Year": 2004,
    "Model": "530",
    "ImagePath": "https://image.smythstoys.com/original/desktop/102538.jpg"
  },
  {
    "Vendor": "GMC",
    "Year": 2007,
    "Model": "Savana",
    "ImagePath": "https://image.smythstoys.com/original/desktop/102538.jpg"
  },
  {
    "Vendor": "Chrysler",
    "Year": 2001,
    "Model": "Voyager",
    "ImagePath": "https://image.smythstoys.com/original/desktop/102538.jpg"
  },
  {
    "Vendor": "Buick",
    "Year": 1989,
    "Model": "Skyhawk",
    "ImagePath": "https://image.smythstoys.com/original/desktop/102538.jpg"
  },
  {
    "Vendor": "Cadillac",
    "Year": 2003,
    "Model": "Escalade ESV",
    "ImagePath": "https://image.smythstoys.com/original/desktop/102538.jpg"
  },
  {
    "Vendor": "Ford",
    "Year": 1992,
    "Model": "Econoline E250",
    "ImagePath": "https://image.smythstoys.com/original/desktop/102538.jpg"
  },
  {
    "Vendor": "Saturn",
    "Year": 2008,
    "Model": "VUE",
    "ImagePath": "https://image.smythstoys.com/original/desktop/102538.jpg"
  },
  {
    "Vendor": "Chevrolet",
    "Year": 2009,
    "Model": "Silverado 3500",
    "ImagePath": "https://image.smythstoys.com/original/desktop/102538.jpg"
  },
  {
    "Vendor": "Toyota",
    "Year": 1996,
    "Model": "Supra",
    "ImagePath": "https://image.smythstoys.com/original/desktop/102538.jpg"
  },
  {
    "Vendor": "Audi",
    "Year": 2007,
    "Model": "A4",
    "ImagePath": "https://image.smythstoys.com/original/desktop/102538.jpg"
  },
  {
    "Vendor": "Mitsubishi",
    "Year": 2005,
    "Model": "Eclipse",
    "ImagePath": "https://image.smythstoys.com/original/desktop/102538.jpg"
  },
  {
    "Vendor": "Mitsubishi",
    "Year": 2004,
    "Model": "Galant",
    "ImagePath": "https://image.smythstoys.com/original/desktop/102538.jpg"
  },
  {
    "Vendor": "Nissan",
    "Year": 1995,
    "Model": "Sentra",
    "ImagePath": "https://image.smythstoys.com/original/desktop/102538.jpg"
  },
  {
    "Vendor": "Nissan",
    "Year": 2007,
    "Model": "Frontier",
    "ImagePath": "https://image.smythstoys.com/original/desktop/102538.jpg"
  },
  {
    "Vendor": "Toyota",
    "Year": 1996,
    "Model": "T100 Xtra",
    "ImagePath": "https://image.smythstoys.com/original/desktop/102538.jpg"
  },
  {
    "Vendor": "Chevrolet",
    "Year": 2012,
    "Model": "Colorado",
    "ImagePath": "https://image.smythstoys.com/original/desktop/102538.jpg"
  },
  {
    "Vendor": "Smart",
    "Year": 2010,
    "Model": "Fortwo",
    "ImagePath": "https://image.smythstoys.com/original/desktop/102538.jpg"
  },
  {
    "Vendor": "GMC",
    "Year": 2003,
    "Model": "Sonoma",
    "ImagePath": "https://image.smythstoys.com/original/desktop/102538.jpg"
  },
  {
    "Vendor": "Volvo",
    "Year": 2006,
    "Model": "S40",
    "ImagePath": "https://image.smythstoys.com/original/desktop/102538.jpg"
  },
  {
    "Vendor": "Mazda",
    "Year": 2007,
    "Model": "RX-8",
    "ImagePath": "https://image.smythstoys.com/original/desktop/102538.jpg"
  },
  {
    "Vendor": "Lincoln",
    "Year": 2011,
    "Model": "Navigator",
    "ImagePath": "https://image.smythstoys.com/original/desktop/102538.jpg"
  },
  {
    "Vendor": "Mercedes-Benz",
    "Year": 2001,
    "Model": "M-Class",
    "ImagePath": "https://image.smythstoys.com/original/desktop/102538.jpg"
  },
  {
    "Vendor": "Saturn",
    "Year": 2006,
    "Model": "Ion",
    "ImagePath": "https://image.smythstoys.com/original/desktop/102538.jpg"
  },
  {
    "Vendor": "Buick",
    "Year": 2002,
    "Model": "Century",
    "ImagePath": "https://image.smythstoys.com/original/desktop/102538.jpg"
  },
  {
    "Vendor": "Chevrolet",
    "Year": 2002,
    "Model": "Impala",
    "ImagePath": "https://image.smythstoys.com/original/desktop/102538.jpg"
  },
  {
    "Vendor": "Dodge",
    "Year": 1992,
    "Model": "D350",
    "ImagePath": "https://image.smythstoys.com/original/desktop/102538.jpg"
  },
  {
    "Vendor": "Infiniti",
    "Year": 2010,
    "Model": "QX",
    "ImagePath": "https://image.smythstoys.com/original/desktop/102538.jpg"
  },
  {
    "Vendor": "Infiniti",
    "Year": 2011,
    "Model": "G37",
    "ImagePath": "https://image.smythstoys.com/original/desktop/102538.jpg"
  },
  {
    "Vendor": "Chevrolet",
    "Year": 1971,
    "Model": "Vega",
    "ImagePath": "https://image.smythstoys.com/original/desktop/102538.jpg"
  },
  {
    "Vendor": "Land Rover",
    "Year": 1988,
    "Model": "Range Rover",
    "ImagePath": "https://image.smythstoys.com/original/desktop/102538.jpg"
  },
  {
    "Vendor": "Isuzu",
    "Year": 2001,
    "Model": "VehiCROSS",
    "ImagePath": "https://image.smythstoys.com/original/desktop/102538.jpg"
  },
  {
    "Vendor": "Ford",
    "Year": 1996,
    "Model": "Contour",
    "ImagePath": "https://image.smythstoys.com/original/desktop/102538.jpg"
  },
  {
    "Vendor": "Audi",
    "Year": 1988,
    "Model": "5000S",
    "ImagePath": "https://image.smythstoys.com/original/desktop/102538.jpg"
  },
  {
    "Vendor": "Cadillac",
    "Year": 2008,
    "Model": "XLR-V",
    "ImagePath": "https://image.smythstoys.com/original/desktop/102538.jpg"
  },
  {
    "Vendor": "GMC",
    "Year": 1994,
    "Model": "1500 Club Coupe",
    "ImagePath": "https://image.smythstoys.com/original/desktop/102538.jpg"
  },
  {
    "Vendor": "Honda",
    "Year": 1984,
    "Model": "Prelude",
    "ImagePath": "https://image.smythstoys.com/original/desktop/102538.jpg"
  },
  {
    "Vendor": "Mercedes-Benz",
    "Year": 1993,
    "Model": "300SD",
    "ImagePath": "https://image.smythstoys.com/original/desktop/102538.jpg"
  },
  {
    "Vendor": "Mazda",
    "Year": 1987,
    "Model": "626",
    "ImagePath": "https://image.smythstoys.com/original/desktop/102538.jpg"
  },
  {
    "Vendor": "Acura",
    "Year": 1995,
    "Model": "NSX",
    "ImagePath": "https://image.smythstoys.com/original/desktop/102538.jpg"
  },
  {
    "Vendor": "Land Rover",
    "Year": 1999,
    "Model": "Range Rover",
    "ImagePath": "https://image.smythstoys.com/original/desktop/102538.jpg"
  },
  {
    "Vendor": "Lincoln",
    "Year": 2012,
    "Model": "MKT",
    "ImagePath": "https://image.smythstoys.com/original/desktop/102538.jpg"
  },
  {
    "Vendor": "Oldsmobile",
    "Year": 1992,
    "Model": "98",
    "ImagePath": "https://image.smythstoys.com/original/desktop/102538.jpg"
  },
  {
    "Vendor": "Hummer",
    "Year": 1993,
    "Model": "H1",
    "ImagePath": "https://image.smythstoys.com/original/desktop/102538.jpg"
  },
  {
    "Vendor": "Chevrolet",
    "Year": 2004,
    "Model": "Express 2500",
    "ImagePath": "https://image.smythstoys.com/original/desktop/102538.jpg"
  },
  {
    "Vendor": "Isuzu",
    "Year": 2002,
    "Model": "Rodeo",
    "ImagePath": "https://image.smythstoys.com/original/desktop/102538.jpg"
  },
  {
    "Vendor": "Rolls-Royce",
    "Year": 2009,
    "Model": "Phantom",
    "ImagePath": "https://image.smythstoys.com/original/desktop/102538.jpg"
  },
  {
    "Vendor": "Chevrolet",
    "Year": 2001,
    "Model": "Corvette",
    "ImagePath": "https://image.smythstoys.com/original/desktop/102538.jpg"
  },
  {
    "Vendor": "Hyundai",
    "Year": 2007,
    "Model": "Entourage",
    "ImagePath": "https://image.smythstoys.com/original/desktop/102538.jpg"
  },
  {
    "Vendor": "Cadillac",
    "Year": 2007,
    "Model": "CTS",
    "ImagePath": "https://image.smythstoys.com/original/desktop/102538.jpg"
  },
  {
    "Vendor": "Land Rover",
    "Year": 2003,
    "Model": "Range Rover",
    "ImagePath": "https://image.smythstoys.com/original/desktop/102538.jpg"
  },
  {
    "Vendor": "Maserati",
    "Year": 1986,
    "Model": "Biturbo",
    "ImagePath": "https://image.smythstoys.com/original/desktop/102538.jpg"
  },
  {
    "Vendor": "Toyota",
    "Year": 2002,
    "Model": "Celica",
    "ImagePath": "https://image.smythstoys.com/original/desktop/102538.jpg"
  },
  {
    "Vendor": "Pontiac",
    "Year": 1999,
    "Model": "Grand Prix",
    "ImagePath": "https://image.smythstoys.com/original/desktop/102538.jpg"
  },
  {
    "Vendor": "Audi",
    "Year": 2004,
    "Model": "Allroad",
    "ImagePath": "https://image.smythstoys.com/original/desktop/102538.jpg"
  },
  {
    "Vendor": "Cadillac",
    "Year": 1998,
    "Model": "DeVille",
    "ImagePath": "https://image.smythstoys.com/original/desktop/102538.jpg"
  },
  {
    "Vendor": "Isuzu",
    "Year": 1994,
    "Model": "Trooper",
    "ImagePath": "https://image.smythstoys.com/original/desktop/102538.jpg"
  },
  {
    "Vendor": "Holden",
    "Year": 1997,
    "Model": "VS Commodore",
    "ImagePath": "https://image.smythstoys.com/original/desktop/102538.jpg"
  },
  {
    "Vendor": "Audi",
    "Year": 1999,
    "Model": "A6",
    "ImagePath": "https://image.smythstoys.com/original/desktop/102538.jpg"
  },
  {
    "Vendor": "Chevrolet",
    "Year": 2007,
    "Model": "HHR",
    "ImagePath": "https://image.smythstoys.com/original/desktop/102538.jpg"
  },
  {
    "Vendor": "Cadillac",
    "Year": 2007,
    "Model": "XLR-V",
    "ImagePath": "https://image.smythstoys.com/original/desktop/102538.jpg"
  },
  {
    "Vendor": "Pontiac",
    "Year": 1995,
    "Model": "Sunfire",
    "ImagePath": "https://image.smythstoys.com/original/desktop/102538.jpg"
  },
  {
    "Vendor": "Ford",
    "Year": 1996,
    "Model": "Aspire",
    "ImagePath": "https://image.smythstoys.com/original/desktop/102538.jpg"
  },
  {
    "Vendor": "GMC",
    "Year": 2001,
    "Model": "Savana 2500",
    "ImagePath": "https://image.smythstoys.com/original/desktop/102538.jpg"
  },
  {
    "Vendor": "Volvo",
    "Year": 2000,
    "Model": "V70",
    "ImagePath": "https://image.smythstoys.com/original/desktop/102538.jpg"
  },
  {
    "Vendor": "Cadillac",
    "Year": 2005,
    "Model": "Escalade",
    "ImagePath": "https://image.smythstoys.com/original/desktop/102538.jpg"
  },
  {
    "Vendor": "Toyota",
    "Year": 1998,
    "Model": "RAV4",
    "ImagePath": "https://image.smythstoys.com/original/desktop/102538.jpg"
  },
  {
    "Vendor": "Honda",
    "Year": 2001,
    "Model": "Civic",
    "ImagePath": "https://image.smythstoys.com/original/desktop/102538.jpg"
  },
  {
    "Vendor": "Dodge",
    "Year": 2009,
    "Model": "Caravan",
    "ImagePath": "https://image.smythstoys.com/original/desktop/102538.jpg"
  },
  {
    "Vendor": "Toyota",
    "Year": 2001,
    "Model": "Solara",
    "ImagePath": "https://image.smythstoys.com/original/desktop/102538.jpg"
  },
  {
    "Vendor": "Mercedes-Benz",
    "Year": 1998,
    "Model": "SL-Class",
    "ImagePath": "https://image.smythstoys.com/original/desktop/102538.jpg"
  },
  {
    "Vendor": "Subaru",
    "Year": 2010,
    "Model": "Impreza",
    "ImagePath": "https://image.smythstoys.com/original/desktop/102538.jpg"
  },
  {
    "Vendor": "Plymouth",
    "Year": 1993,
    "Model": "Acclaim",
    "ImagePath": "https://image.smythstoys.com/original/desktop/102538.jpg"
  },
  {
    "Vendor": "GMC",
    "Year": 1996,
    "Model": "Safari",
    "ImagePath": "https://image.smythstoys.com/original/desktop/102538.jpg"
  },
  {
    "Vendor": "Honda",
    "Year": 2001,
    "Model": "Accord",
    "ImagePath": "https://image.smythstoys.com/original/desktop/102538.jpg"
  },
  {
    "Vendor": "Maserati",
    "Year": 1985,
    "Model": "Quattroporte",
    "ImagePath": "https://image.smythstoys.com/original/desktop/102538.jpg"
  },
  {
    "Vendor": "Ford",
    "Year": 2005,
    "Model": "E250",
    "ImagePath": "https://image.smythstoys.com/original/desktop/102538.jpg"
  },
  {
    "Vendor": "Dodge",
    "Year": 1995,
    "Model": "Neon",
    "ImagePath": "https://image.smythstoys.com/original/desktop/102538.jpg"
  },
  {
    "Vendor": "Isuzu",
    "Year": 2004,
    "Model": "Ascender",
    "ImagePath": "https://image.smythstoys.com/original/desktop/102538.jpg"
  },
  {
    "Vendor": "Chrysler",
    "Year": 2000,
    "Model": "300M",
    "ImagePath": "https://image.smythstoys.com/original/desktop/102538.jpg"
  },
  {
    "Vendor": "Dodge",
    "Year": 2009,
    "Model": "Durango",
    "ImagePath": "https://image.smythstoys.com/original/desktop/102538.jpg"
  },
  {
    "Vendor": "Acura",
    "Year": 2002,
    "Model": "RL",
    "ImagePath": "https://image.smythstoys.com/original/desktop/102538.jpg"
  },
  {
    "Vendor": "Volkswagen",
    "Year": 2012,
    "Model": "Eos",
    "ImagePath": "https://image.smythstoys.com/original/desktop/102538.jpg"
  },
  {
    "Vendor": "Mercury",
    "Year": 1984,
    "Model": "Capri",
    "ImagePath": "https://image.smythstoys.com/original/desktop/102538.jpg"
  },
  {
    "Vendor": "Pontiac",
    "Year": 1985,
    "Model": "Sunbird",
    "ImagePath": "https://image.smythstoys.com/original/desktop/102538.jpg"
  },
  {
    "Vendor": "Chevrolet",
    "Year": 1963,
    "Model": "Corvette",
    "ImagePath": "https://image.smythstoys.com/original/desktop/102538.jpg"
  },
  {
    "Vendor": "Mazda",
    "Year": 1996,
    "Model": "MX-3",
    "ImagePath": "https://image.smythstoys.com/original/desktop/102538.jpg"
  },
  {
    "Vendor": "Lamborghini",
    "Year": 1988,
    "Model": "Countach",
    "ImagePath": "https://image.smythstoys.com/original/desktop/102538.jpg"
  },
  {
    "Vendor": "Mazda",
    "Year": 1995,
    "Model": "MX-6",
    "ImagePath": "https://image.smythstoys.com/original/desktop/102538.jpg"
  },
  {
    "Vendor": "Chrysler",
    "Year": 2007,
    "Model": "Town & Country",
    "ImagePath": "https://image.smythstoys.com/original/desktop/102538.jpg"
  },
  {
    "Vendor": "GMC",
    "Year": 2010,
    "Model": "Savana 1500",
    "ImagePath": "https://image.smythstoys.com/original/desktop/102538.jpg"
  },
  {
    "Vendor": "Mazda",
    "Year": 2009,
    "Model": "Miata MX-5",
    "ImagePath": "https://image.smythstoys.com/original/desktop/102538.jpg"
  },
  {
    "Vendor": "GMC",
    "Year": 1995,
    "Model": "3500",
    "ImagePath": "https://image.smythstoys.com/original/desktop/102538.jpg"
  },
  {
    "Vendor": "Mitsubishi",
    "Year": 1998,
    "Model": "Pajero",
    "ImagePath": "https://image.smythstoys.com/original/desktop/102538.jpg"
  },
  {
    "Vendor": "Audi",
    "Year": 2003,
    "Model": "A4",
    "ImagePath": "https://image.smythstoys.com/original/desktop/102538.jpg"
  },
  {
    "Vendor": "Lincoln",
    "Year": 2011,
    "Model": "MKZ",
    "ImagePath": "https://image.smythstoys.com/original/desktop/102538.jpg"
  },
  {
    "Vendor": "Ford",
    "Year": 2005,
    "Model": "E150",
    "ImagePath": "https://image.smythstoys.com/original/desktop/102538.jpg"
  },
  {
    "Vendor": "Toyota",
    "Year": 2006,
    "Model": "Camry Solara",
    "ImagePath": "https://image.smythstoys.com/original/desktop/102538.jpg"
  },
  {
    "Vendor": "Nissan",
    "Year": 1991,
    "Model": "300ZX",
    "ImagePath": "https://image.smythstoys.com/original/desktop/102538.jpg"
  },
  {
    "Vendor": "Ford",
    "Year": 2000,
    "Model": "Expedition",
    "ImagePath": "https://image.smythstoys.com/original/desktop/102538.jpg"
  },
  {
    "Vendor": "Dodge",
    "Year": 2001,
    "Model": "Dakota",
    "ImagePath": "https://image.smythstoys.com/original/desktop/102538.jpg"
  },
  {
    "Vendor": "Porsche",
    "Year": 2011,
    "Model": "Cayenne",
    "ImagePath": "https://image.smythstoys.com/original/desktop/102538.jpg"
  },
  {
    "Vendor": "Ford",
    "Year": 1984,
    "Model": "F250",
    "ImagePath": "https://image.smythstoys.com/original/desktop/102538.jpg"
  },
  {
    "Vendor": "Saturn",
    "Year": 2004,
    "Model": "Ion",
    "ImagePath": "https://image.smythstoys.com/original/desktop/102538.jpg"
  },
  {
    "Vendor": "Pontiac",
    "Year": 1993,
    "Model": "Grand Am",
    "ImagePath": "https://image.smythstoys.com/original/desktop/102538.jpg"
  },
  {
    "Vendor": "Pontiac",
    "Year": 1961,
    "Model": "Tempest",
    "ImagePath": "https://image.smythstoys.com/original/desktop/102538.jpg"
  },
  {
    "Vendor": "Saturn",
    "Year": 2002,
    "Model": "S-Series",
    "ImagePath": "https://image.smythstoys.com/original/desktop/102538.jpg"
  },
  {
    "Vendor": "Lexus",
    "Year": 2001,
    "Model": "RX",
    "ImagePath": "https://image.smythstoys.com/original/desktop/102538.jpg"
  },
  {
    "Vendor": "Toyota",
    "Year": 1995,
    "Model": "Tercel",
    "ImagePath": "https://image.smythstoys.com/original/desktop/102538.jpg"
  },
  {
    "Vendor": "Isuzu",
    "Year": 1998,
    "Model": "Rodeo",
    "ImagePath": "https://image.smythstoys.com/original/desktop/102538.jpg"
  },
  {
    "Vendor": "Ford",
    "Year": 2005,
    "Model": "Taurus",
    "ImagePath": "https://image.smythstoys.com/original/desktop/102538.jpg"
  },
  {
    "Vendor": "Ford",
    "Year": 2007,
    "Model": "F350",
    "ImagePath": "https://image.smythstoys.com/original/desktop/102538.jpg"
  },
  {
    "Vendor": "Oldsmobile",
    "Year": 1995,
    "Model": "Aurora",
    "ImagePath": "https://image.smythstoys.com/original/desktop/102538.jpg"
  },
  {
    "Vendor": "Nissan",
    "Year": 2001,
    "Model": "Altima",
    "ImagePath": "https://image.smythstoys.com/original/desktop/102538.jpg"
  },
  {
    "Vendor": "BMW",
    "Year": 2008,
    "Model": "X3",
    "ImagePath": "https://image.smythstoys.com/original/desktop/102538.jpg"
  },
  {
    "Vendor": "GMC",
    "Year": 2005,
    "Model": "Savana 1500",
    "ImagePath": "https://image.smythstoys.com/original/desktop/102538.jpg"
  },
  {
    "Vendor": "Buick",
    "Year": 2002,
    "Model": "LeSabre",
    "ImagePath": "https://image.smythstoys.com/original/desktop/102538.jpg"
  },
  {
    "Vendor": "Suzuki",
    "Year": 2007,
    "Model": "Reno",
    "ImagePath": "https://image.smythstoys.com/original/desktop/102538.jpg"
  },
  {
    "Vendor": "Pontiac",
    "Year": 2004,
    "Model": "GTO",
    "ImagePath": "https://image.smythstoys.com/original/desktop/102538.jpg"
  },
  {
    "Vendor": "Rolls-Royce",
    "Year": 2005,
    "Model": "Phantom",
    "ImagePath": "https://image.smythstoys.com/original/desktop/102538.jpg"
  },
  {
    "Vendor": "Ford",
    "Year": 2009,
    "Model": "F150",
    "ImagePath": "https://image.smythstoys.com/original/desktop/102538.jpg"
  },
  {
    "Vendor": "Chevrolet",
    "Year": 1993,
    "Model": "Sportvan G10",
    "ImagePath": "https://image.smythstoys.com/original/desktop/102538.jpg"
  },
  {
    "Vendor": "Peugeot",
    "Year": 2007,
    "Model": "207",
    "ImagePath": "https://image.smythstoys.com/original/desktop/102538.jpg"
  },
  {
    "Vendor": "Cadillac",
    "Year": 2005,
    "Model": "STS",
    "ImagePath": "https://image.smythstoys.com/original/desktop/102538.jpg"
  },
  {
    "Vendor": "Pontiac",
    "Year": 1993,
    "Model": "Bonneville",
    "ImagePath": "https://image.smythstoys.com/original/desktop/102538.jpg"
  },
  {
    "Vendor": "Jeep",
    "Year": 1999,
    "Model": "Wrangler",
    "ImagePath": "https://image.smythstoys.com/original/desktop/102538.jpg"
  },
  {
    "Vendor": "Acura",
    "Year": 1996,
    "Model": "TL",
    "ImagePath": "https://image.smythstoys.com/original/desktop/102538.jpg"
  },
  {
    "Vendor": "Dodge",
    "Year": 2000,
    "Model": "Ram 2500",
    "ImagePath": "https://image.smythstoys.com/original/desktop/102538.jpg"
  },
  {
    "Vendor": "Pontiac",
    "Year": 2004,
    "Model": "Bonneville",
    "ImagePath": "https://image.smythstoys.com/original/desktop/102538.jpg"
  },
  {
    "Vendor": "Chevrolet",
    "Year": 1993,
    "Model": "Suburban 1500",
    "ImagePath": "https://image.smythstoys.com/original/desktop/102538.jpg"
  },
  {
    "Vendor": "Volvo",
    "Year": 1997,
    "Model": "S90",
    "ImagePath": "https://image.smythstoys.com/original/desktop/102538.jpg"
  },
  {
    "Vendor": "Mazda",
    "Year": 2012,
    "Model": "Mazda3",
    "ImagePath": "https://image.smythstoys.com/original/desktop/102538.jpg"
  },
  {
    "Vendor": "Honda",
    "Year": 2008,
    "Model": "Fit",
    "ImagePath": "https://image.smythstoys.com/original/desktop/102538.jpg"
  },
  {
    "Vendor": "Chevrolet",
    "Year": 1977,
    "Model": "Camaro",
    "ImagePath": "https://image.smythstoys.com/original/desktop/102538.jpg"
  },
  {
    "Vendor": "Plymouth",
    "Year": 1990,
    "Model": "Laser",
    "ImagePath": "https://image.smythstoys.com/original/desktop/102538.jpg"
  },
  {
    "Vendor": "GMC",
    "Year": 2004,
    "Model": "Yukon XL 1500",
    "ImagePath": "https://image.smythstoys.com/original/desktop/102538.jpg"
  },
  {
    "Vendor": "BMW",
    "Year": 2013,
    "Model": "X6 M",
    "ImagePath": "https://image.smythstoys.com/original/desktop/102538.jpg"
  },
  {
    "Vendor": "Land Rover",
    "Year": 2010,
    "Model": "LR2",
    "ImagePath": "https://image.smythstoys.com/original/desktop/102538.jpg"
  },
  {
    "Vendor": "Suzuki",
    "Year": 2004,
    "Model": "Aerio",
    "ImagePath": "https://image.smythstoys.com/original/desktop/102538.jpg"
  },
  {
    "Vendor": "Maserati",
    "Year": 1990,
    "Model": "228",
    "ImagePath": "https://image.smythstoys.com/original/desktop/102538.jpg"
  },
  {
    "Vendor": "Ford",
    "Year": 2011,
    "Model": "Fiesta",
    "ImagePath": "https://image.smythstoys.com/original/desktop/102538.jpg"
  },
  {
    "Vendor": "Nissan",
    "Year": 2013,
    "Model": "GT-R",
    "ImagePath": "https://image.smythstoys.com/original/desktop/102538.jpg"
  },
  {
    "Vendor": "Mercedes-Benz",
    "Year": 2000,
    "Model": "SLK-Class",
    "ImagePath": "https://image.smythstoys.com/original/desktop/102538.jpg"
  },
  {
    "Vendor": "Acura",
    "Year": 2005,
    "Model": "MDX",
    "ImagePath": "https://image.smythstoys.com/original/desktop/102538.jpg"
  },
  {
    "Vendor": "Ford",
    "Year": 1989,
    "Model": "LTD Crown Victoria",
    "ImagePath": "https://image.smythstoys.com/original/desktop/102538.jpg"
  },
  {
    "Vendor": "Honda",
    "Year": 2008,
    "Model": "Element",
    "ImagePath": "https://image.smythstoys.com/original/desktop/102538.jpg"
  },
  {
    "Vendor": "Buick",
    "Year": 1985,
    "Model": "Electra",
    "ImagePath": "https://image.smythstoys.com/original/desktop/102538.jpg"
  },
  {
    "Vendor": "Ford",
    "Year": 1996,
    "Model": "Mustang",
    "ImagePath": "https://image.smythstoys.com/original/desktop/102538.jpg"
  },
  {
    "Vendor": "GMC",
    "Year": 2005,
    "Model": "Envoy",
    "ImagePath": "https://image.smythstoys.com/original/desktop/102538.jpg"
  },
  {
    "Vendor": "Dodge",
    "Year": 1993,
    "Model": "Ram Van B350",
    "ImagePath": "https://image.smythstoys.com/original/desktop/102538.jpg"
  },
  {
    "Vendor": "Mercedes-Benz",
    "Year": 1992,
    "Model": "600SEL",
    "ImagePath": "https://image.smythstoys.com/original/desktop/102538.jpg"
  },
  {
    "Vendor": "Audi",
    "Year": 2007,
    "Model": "A8",
    "ImagePath": "https://image.smythstoys.com/original/desktop/102538.jpg"
  },
  {
    "Vendor": "Ford",
    "Year": 1999,
    "Model": "Taurus",
    "ImagePath": "https://image.smythstoys.com/original/desktop/102538.jpg"
  },
  {
    "Vendor": "Dodge",
    "Year": 2001,
    "Model": "Grand Caravan",
    "ImagePath": "https://image.smythstoys.com/original/desktop/102538.jpg"
  },
  {
    "Vendor": "Toyota",
    "Year": 1997,
    "Model": "Camry",
    "ImagePath": "https://image.smythstoys.com/original/desktop/102538.jpg"
  },
  {
    "Vendor": "Dodge",
    "Year": 2004,
    "Model": "Stratus",
    "ImagePath": "https://image.smythstoys.com/original/desktop/102538.jpg"
  },
  {
    "Vendor": "Toyota",
    "Year": 1999,
    "Model": "Tacoma Xtra",
    "ImagePath": "https://image.smythstoys.com/original/desktop/102538.jpg"
  },
  {
    "Vendor": "BMW",
    "Year": 2010,
    "Model": "M5",
    "ImagePath": "https://image.smythstoys.com/original/desktop/102538.jpg"
  },
  {
    "Vendor": "Suzuki",
    "Year": 2000,
    "Model": "Vitara",
    "ImagePath": "https://image.smythstoys.com/original/desktop/102538.jpg"
  },
  {
    "Vendor": "Chevrolet",
    "Year": 1999,
    "Model": "Camaro",
    "ImagePath": "https://image.smythstoys.com/original/desktop/102538.jpg"
  },
  {
    "Vendor": "Nissan",
    "Year": 2007,
    "Model": "Armada",
    "ImagePath": "https://image.smythstoys.com/original/desktop/102538.jpg"
  },
  {
    "Vendor": "Mitsubishi",
    "Year": 2006,
    "Model": "Montero",
    "ImagePath": "https://image.smythstoys.com/original/desktop/102538.jpg"
  },
  {
    "Vendor": "Mercedes-Benz",
    "Year": 1993,
    "Model": "600SEL",
    "ImagePath": "https://image.smythstoys.com/original/desktop/102538.jpg"
  },
  {
    "Vendor": "Lincoln",
    "Year": 2010,
    "Model": "MKT",
    "ImagePath": "https://image.smythstoys.com/original/desktop/102538.jpg"
  },
  {
    "Vendor": "Ford",
    "Year": 2010,
    "Model": "E350",
    "ImagePath": "https://image.smythstoys.com/original/desktop/102538.jpg"
  },
  {
    "Vendor": "Land Rover",
    "Year": 1994,
    "Model": "Discovery",
    "ImagePath": "https://image.smythstoys.com/original/desktop/102538.jpg"
  },
  {
    "Vendor": "Chevrolet",
    "Year": 1981,
    "Model": "Camaro",
    "ImagePath": "https://image.smythstoys.com/original/desktop/102538.jpg"
  },
  {
    "Vendor": "BMW",
    "Year": 2012,
    "Model": "1 Series",
    "ImagePath": "https://image.smythstoys.com/original/desktop/102538.jpg"
  },
  {
    "Vendor": "Ford",
    "Year": 1996,
    "Model": "F150",
    "ImagePath": "https://image.smythstoys.com/original/desktop/102538.jpg"
  },
  {
    "Vendor": "Infiniti",
    "Year": 2012,
    "Model": "G",
    "ImagePath": "https://image.smythstoys.com/original/desktop/102538.jpg"
  },
  {
    "Vendor": "Mazda",
    "Year": 1992,
    "Model": "929",
    "ImagePath": "https://image.smythstoys.com/original/desktop/102538.jpg"
  },
  {
    "Vendor": "Lamborghini",
    "Year": 2008,
    "Model": "Gallardo",
    "ImagePath": "https://image.smythstoys.com/original/desktop/102538.jpg"
  },
  {
    "Vendor": "Dodge",
    "Year": 1995,
    "Model": "Avenger",
    "ImagePath": "https://image.smythstoys.com/original/desktop/102538.jpg"
  },
  {
    "Vendor": "Chrysler",
    "Year": 2001,
    "Model": "Sebring",
    "ImagePath": "https://image.smythstoys.com/original/desktop/102538.jpg"
  },
  {
    "Vendor": "Dodge",
    "Year": 1999,
    "Model": "Intrepid",
    "ImagePath": "https://image.smythstoys.com/original/desktop/102538.jpg"
  },
  {
    "Vendor": "Mercury",
    "Year": 1987,
    "Model": "Grand Marquis",
    "ImagePath": "https://image.smythstoys.com/original/desktop/102538.jpg"
  },
  {
    "Vendor": "Suzuki",
    "Year": 1999,
    "Model": "Esteem",
    "ImagePath": "https://image.smythstoys.com/original/desktop/102538.jpg"
  },
  {
    "Vendor": "Eagle",
    "Year": 1998,
    "Model": "Talon",
    "ImagePath": "https://image.smythstoys.com/original/desktop/102538.jpg"
  },
  {
    "Vendor": "Saab",
    "Year": 1995,
    "Model": "9000",
    "ImagePath": "https://image.smythstoys.com/original/desktop/102538.jpg"
  },
  {
    "Vendor": "Plymouth",
    "Year": 1997,
    "Model": "Prowler",
    "ImagePath": "https://image.smythstoys.com/original/desktop/102538.jpg"
  },
  {
    "Vendor": "Pontiac",
    "Year": 2006,
    "Model": "GTO",
    "ImagePath": "https://image.smythstoys.com/original/desktop/102538.jpg"
  },
  {
    "Vendor": "Toyota",
    "Year": 2011,
    "Model": "Corolla",
    "ImagePath": "https://image.smythstoys.com/original/desktop/102538.jpg"
  },
  {
    "Vendor": "Kia",
    "Year": 1997,
    "Model": "Sportage",
    "ImagePath": "https://image.smythstoys.com/original/desktop/102538.jpg"
  },
  {
    "Vendor": "Lexus",
    "Year": 2002,
    "Model": "GS",
    "ImagePath": "https://image.smythstoys.com/original/desktop/102538.jpg"
  },
  {
    "Vendor": "Ford",
    "Year": 2002,
    "Model": "Expedition",
    "ImagePath": "https://image.smythstoys.com/original/desktop/102538.jpg"
  },
  {
    "Vendor": "Honda",
    "Year": 1999,
    "Model": "Accord",
    "ImagePath": "https://image.smythstoys.com/original/desktop/102538.jpg"
  },
  {
    "Vendor": "Land Rover",
    "Year": 1999,
    "Model": "Discovery",
    "ImagePath": "https://image.smythstoys.com/original/desktop/102538.jpg"
  },
  {
    "Vendor": "Mitsubishi",
    "Year": 1989,
    "Model": "Excel",
    "ImagePath": "https://image.smythstoys.com/original/desktop/102538.jpg"
  },
  {
    "Vendor": "Mitsubishi",
    "Year": 1997,
    "Model": "Montero",
    "ImagePath": "https://image.smythstoys.com/original/desktop/102538.jpg"
  },
  {
    "Vendor": "Suzuki",
    "Year": 1999,
    "Model": "Swift",
    "ImagePath": "https://image.smythstoys.com/original/desktop/102538.jpg"
  },
  {
    "Vendor": "Chrysler",
    "Year": 2003,
    "Model": "Sebring",
    "ImagePath": "https://image.smythstoys.com/original/desktop/102538.jpg"
  },
  {
    "Vendor": "Holden",
    "Year": 1996,
    "Model": "VS Commodore",
    "ImagePath": "https://image.smythstoys.com/original/desktop/102538.jpg"
  },
  {
    "Vendor": "Suzuki",
    "Year": 1984,
    "Model": "SJ 410",
    "ImagePath": "https://image.smythstoys.com/original/desktop/102538.jpg"
  },
  {
    "Vendor": "Plymouth",
    "Year": 1998,
    "Model": "Neon",
    "ImagePath": "https://image.smythstoys.com/original/desktop/102538.jpg"
  },
  {
    "Vendor": "Audi",
    "Year": 2008,
    "Model": "TT",
    "ImagePath": "https://image.smythstoys.com/original/desktop/102538.jpg"
  },
  {
    "Vendor": "Lexus",
    "Year": 1998,
    "Model": "LS",
    "ImagePath": "https://image.smythstoys.com/original/desktop/102538.jpg"
  },
  {
    "Vendor": "Volkswagen",
    "Year": 1991,
    "Model": "Jetta",
    "ImagePath": "https://image.smythstoys.com/original/desktop/102538.jpg"
  },
  {
    "Vendor": "Toyota",
    "Year": 2004,
    "Model": "Solara",
    "ImagePath": "https://image.smythstoys.com/original/desktop/102538.jpg"
  },
  {
    "Vendor": "Ford",
    "Year": 2009,
    "Model": "Edge",
    "ImagePath": "https://image.smythstoys.com/original/desktop/102538.jpg"
  },
  {
    "Vendor": "BMW",
    "Year": 2006,
    "Model": "325",
    "ImagePath": "https://image.smythstoys.com/original/desktop/102538.jpg"
  },
  {
    "Vendor": "Suzuki",
    "Year": 2007,
    "Model": "Aerio",
    "ImagePath": "https://image.smythstoys.com/original/desktop/102538.jpg"
  },
  {
    "Vendor": "Pontiac",
    "Year": 1989,
    "Model": "Safari",
    "ImagePath": "https://image.smythstoys.com/original/desktop/102538.jpg"
  },
  {
    "Vendor": "Mitsubishi",
    "Year": 1989,
    "Model": "Mirage",
    "ImagePath": "https://image.smythstoys.com/original/desktop/102538.jpg"
  },
  {
    "Vendor": "Toyota",
    "Year": 2007,
    "Model": "Tacoma",
    "ImagePath": "https://image.smythstoys.com/original/desktop/102538.jpg"
  },
  {
    "Vendor": "Audi",
    "Year": 2001,
    "Model": "S4",
    "ImagePath": "https://image.smythstoys.com/original/desktop/102538.jpg"
  },
  {
    "Vendor": "Dodge",
    "Year": 2006,
    "Model": "Ram 2500",
    "ImagePath": "https://image.smythstoys.com/original/desktop/102538.jpg"
  },
  {
    "Vendor": "Mercury",
    "Year": 2005,
    "Model": "Monterey",
    "ImagePath": "https://image.smythstoys.com/original/desktop/102538.jpg"
  },
  {
    "Vendor": "Mercedes-Benz",
    "Year": 2010,
    "Model": "GLK-Class",
    "ImagePath": "https://image.smythstoys.com/original/desktop/102538.jpg"
  },
  {
    "Vendor": "Lincoln",
    "Year": 1986,
    "Model": "Town Car",
    "ImagePath": "https://image.smythstoys.com/original/desktop/102538.jpg"
  },
  {
    "Vendor": "Porsche",
    "Year": 2010,
    "Model": "Panamera",
    "ImagePath": "https://image.smythstoys.com/original/desktop/102538.jpg"
  },
  {
    "Vendor": "Lincoln",
    "Year": 1990,
    "Model": "Continental Mark VII",
    "ImagePath": "https://image.smythstoys.com/original/desktop/102538.jpg"
  },
  {
    "Vendor": "BMW",
    "Year": 2010,
    "Model": "Z4",
    "ImagePath": "https://image.smythstoys.com/original/desktop/102538.jpg"
  },
  {
    "Vendor": "Lexus",
    "Year": 2011,
    "Model": "RX Hybrid",
    "ImagePath": "https://image.smythstoys.com/original/desktop/102538.jpg"
  },
  {
    "Vendor": "Mercedes-Benz",
    "Year": 2010,
    "Model": "GLK-Class",
    "ImagePath": "https://image.smythstoys.com/original/desktop/102538.jpg"
  },
  {
    "Vendor": "Lincoln",
    "Year": 1986,
    "Model": "Town Car",
    "ImagePath": "https://image.smythstoys.com/original/desktop/102538.jpg"
  },
  {
    "Vendor": "Porsche",
    "Year": 2010,
    "Model": "Panamera",
    "ImagePath": "https://image.smythstoys.com/original/desktop/102538.jpg"
  },
  {
    "Vendor": "Lincoln",
    "Year": 1990,
    "Model": "Continental Mark VII",
    "ImagePath": "https://image.smythstoys.com/original/desktop/102538.jpg"
  },
  {
    "Vendor": "BMW",
    "Year": 2010,
    "Model": "Z4",
    "ImagePath": "https://image.smythstoys.com/original/desktop/102538.jpg"
  },
  {
    "Vendor": "Lexus",
    "Year": 2011,
    "Model": "RX Hybrid",
    "ImagePath": "https://image.smythstoys.com/original/desktop/102538.jpg"
  },
  {
    "Vendor": "Mercedes-Benz",
    "Year": 2010,
    "Model": "GLK-Class",
    "ImagePath": "https://image.smythstoys.com/original/desktop/102538.jpg"
  },
  {
    "Vendor": "Lincoln",
    "Year": 1986,
    "Model": "Town Car",
    "ImagePath": "https://image.smythstoys.com/original/desktop/102538.jpg"
  },
  {
    "Vendor": "Porsche",
    "Year": 2010,
    "Model": "Panamera",
    "ImagePath": "https://image.smythstoys.com/original/desktop/102538.jpg"
  },
  {
    "Vendor": "Lincoln",
    "Year": 1990,
    "Model": "Continental Mark VII",
    "ImagePath": "https://image.smythstoys.com/original/desktop/102538.jpg"
  },
  {
    "Vendor": "BMW",
    "Year": 2010,
    "Model": "Z4",
    "ImagePath": "https://image.smythstoys.com/original/desktop/102538.jpg"
  },
  {
    "Vendor": "Lexus",
    "Year": 2011,
    "Model": "RX Hybrid",
    "ImagePath": "https://image.smythstoys.com/original/desktop/102538.jpg"
  },
  {
    "Vendor": "Mercedes-Benz",
    "Year": 2010,
    "Model": "GLK-Class",
    "ImagePath": "https://image.smythstoys.com/original/desktop/102538.jpg"
  },
  {
    "Vendor": "Lincoln",
    "Year": 1986,
    "Model": "Town Car",
    "ImagePath": "https://image.smythstoys.com/original/desktop/102538.jpg"
  },
  {
    "Vendor": "Porsche",
    "Year": 2010,
    "Model": "Panamera",
    "ImagePath": "https://image.smythstoys.com/original/desktop/102538.jpg"
  },
  {
    "Vendor": "Lincoln",
    "Year": 1990,
    "Model": "Continental Mark VII",
    "ImagePath": "https://image.smythstoys.com/original/desktop/102538.jpg"
  },
  {
    "Vendor": "BMW",
    "Year": 2010,
    "Model": "Z4",
    "ImagePath": "https://image.smythstoys.com/original/desktop/102538.jpg"
  },
  {
    "Vendor": "Lexus",
    "Year": 2011,
    "Model": "RX Hybrid",
    "ImagePath": "https://image.smythstoys.com/original/desktop/102538.jpg"
  },
  {
    "Vendor": "Mercedes-Benz",
    "Year": 2010,
    "Model": "GLK-Class",
    "ImagePath": "https://image.smythstoys.com/original/desktop/102538.jpg"
  },
  {
    "Vendor": "Lincoln",
    "Year": 1986,
    "Model": "Town Car",
    "ImagePath": "https://image.smythstoys.com/original/desktop/102538.jpg"
  },
  {
    "Vendor": "Porsche",
    "Year": 2010,
    "Model": "Panamera",
    "ImagePath": "https://image.smythstoys.com/original/desktop/102538.jpg"
  },
  {
    "Vendor": "Lincoln",
    "Year": 1990,
    "Model": "Continental Mark VII",
    "ImagePath": "https://image.smythstoys.com/original/desktop/102538.jpg"
  },
  {
    "Vendor": "BMW",
    "Year": 2010,
    "Model": "Z4",
    "ImagePath": "https://image.smythstoys.com/original/desktop/102538.jpg"
  },
  {
    "Vendor": "Lexus",
    "Year": 2011,
    "Model": "RX Hybrid",
    "ImagePath": "https://image.smythstoys.com/original/desktop/102538.jpg"
  },
  {
    "Vendor": "Mercedes-Benz",
    "Year": 2010,
    "Model": "GLK-Class",
    "ImagePath": "https://image.smythstoys.com/original/desktop/102538.jpg"
  },
  {
    "Vendor": "Lincoln",
    "Year": 1986,
    "Model": "Town Car",
    "ImagePath": "https://image.smythstoys.com/original/desktop/102538.jpg"
  },
  {
    "Vendor": "Porsche",
    "Year": 2010,
    "Model": "Panamera",
    "ImagePath": "https://image.smythstoys.com/original/desktop/102538.jpg"
  },
  {
    "Vendor": "Lincoln",
    "Year": 1990,
    "Model": "Continental Mark VII",
    "ImagePath": "https://image.smythstoys.com/original/desktop/102538.jpg"
  },
  {
    "Vendor": "BMW",
    "Year": 2010,
    "Model": "Z4",
    "ImagePath": "https://image.smythstoys.com/original/desktop/102538.jpg"
  },
  {
    "Vendor": "Lexus",
    "Year": 2011,
    "Model": "RX Hybrid",
    "ImagePath": "https://image.smythstoys.com/original/desktop/102538.jpg"
  },
  {
    "Vendor": "Mercedes-Benz",
    "Year": 2010,
    "Model": "GLK-Class",
    "ImagePath": "https://image.smythstoys.com/original/desktop/102538.jpg"
  },
  {
    "Vendor": "Lincoln",
    "Year": 1986,
    "Model": "Town Car",
    "ImagePath": "https://image.smythstoys.com/original/desktop/102538.jpg"
  },
  {
    "Vendor": "Porsche",
    "Year": 2010,
    "Model": "Panamera",
    "ImagePath": "https://image.smythstoys.com/original/desktop/102538.jpg"
  },
  {
    "Vendor": "Lincoln",
    "Year": 1990,
    "Model": "Continental Mark VII",
    "ImagePath": "https://image.smythstoys.com/original/desktop/102538.jpg"
  },
  {
    "Vendor": "BMW",
    "Year": 2010,
    "Model": "Z4",
    "ImagePath": "https://image.smythstoys.com/original/desktop/102538.jpg"
  },
  {
    "Vendor": "Lexus",
    "Year": 2011,
    "Model": "RX Hybrid",
    "ImagePath": "https://image.smythstoys.com/original/desktop/102538.jpg"
  },
  {
    "Vendor": "Mercedes-Benz",
    "Year": 2010,
    "Model": "GLK-Class",
    "ImagePath": "https://image.smythstoys.com/original/desktop/102538.jpg"
  },
  {
    "Vendor": "Lincoln",
    "Year": 1986,
    "Model": "Town Car",
    "ImagePath": "https://image.smythstoys.com/original/desktop/102538.jpg"
  },
  {
    "Vendor": "Porsche",
    "Year": 2010,
    "Model": "Panamera",
    "ImagePath": "https://image.smythstoys.com/original/desktop/102538.jpg"
  },
  {
    "Vendor": "Lincoln",
    "Year": 1990,
    "Model": "Continental Mark VII",
    "ImagePath": "https://image.smythstoys.com/original/desktop/102538.jpg"
  },
  {
    "Vendor": "BMW",
    "Year": 2010,
    "Model": "Z4",
    "ImagePath": "https://image.smythstoys.com/original/desktop/102538.jpg"
  },
  {
    "Vendor": "Lexus",
    "Year": 2011,
    "Model": "RX Hybrid",
    "ImagePath": "https://image.smythstoys.com/original/desktop/102538.jpg"
  },
  {
    "Vendor": "Mercedes-Benz",
    "Year": 2010,
    "Model": "GLK-Class",
    "ImagePath": "https://image.smythstoys.com/original/desktop/102538.jpg"
  },
  {
    "Vendor": "Lincoln",
    "Year": 1986,
    "Model": "Town Car",
    "ImagePath": "https://image.smythstoys.com/original/desktop/102538.jpg"
  },
  {
    "Vendor": "Porsche",
    "Year": 2010,
    "Model": "Panamera",
    "ImagePath": "https://image.smythstoys.com/original/desktop/102538.jpg"
  },
  {
    "Vendor": "Lincoln",
    "Year": 1990,
    "Model": "Continental Mark VII",
    "ImagePath": "https://image.smythstoys.com/original/desktop/102538.jpg"
  },
  {
    "Vendor": "BMW",
    "Year": 2010,
    "Model": "Z4",
    "ImagePath": "https://image.smythstoys.com/original/desktop/102538.jpg"
  },
  {
    "Vendor": "Lexus",
    "Year": 2011,
    "Model": "RX Hybrid",
    "ImagePath": "https://image.smythstoys.com/original/desktop/102538.jpg"
  },
  {
    "Vendor": "Mercedes-Benz",
    "Year": 2010,
    "Model": "GLK-Class",
    "ImagePath": "https://image.smythstoys.com/original/desktop/102538.jpg"
  },
  {
    "Vendor": "Lincoln",
    "Year": 1986,
    "Model": "Town Car",
    "ImagePath": "https://image.smythstoys.com/original/desktop/102538.jpg"
  },
  {
    "Vendor": "Porsche",
    "Year": 2010,
    "Model": "Panamera",
    "ImagePath": "https://image.smythstoys.com/original/desktop/102538.jpg"
  },
  {
    "Vendor": "Lincoln",
    "Year": 1990,
    "Model": "Continental Mark VII",
    "ImagePath": "https://image.smythstoys.com/original/desktop/102538.jpg"
  },
  {
    "Vendor": "BMW",
    "Year": 2010,
    "Model": "Z4",
    "ImagePath": "https://image.smythstoys.com/original/desktop/102538.jpg"
  },
  {
    "Vendor": "Lexus",
    "Year": 2011,
    "Model": "RX Hybrid",
    "ImagePath": "https://image.smythstoys.com/original/desktop/102538.jpg"
  },
  {
    "Vendor": "Mercedes-Benz",
    "Year": 2010,
    "Model": "GLK-Class",
    "ImagePath": "https://image.smythstoys.com/original/desktop/102538.jpg"
  },
  {
    "Vendor": "Lincoln",
    "Year": 1986,
    "Model": "Town Car",
    "ImagePath": "https://image.smythstoys.com/original/desktop/102538.jpg"
  },
  {
    "Vendor": "Porsche",
    "Year": 2010,
    "Model": "Panamera",
    "ImagePath": "https://image.smythstoys.com/original/desktop/102538.jpg"
  },
  {
    "Vendor": "Lincoln",
    "Year": 1990,
    "Model": "Continental Mark VII",
    "ImagePath": "https://image.smythstoys.com/original/desktop/102538.jpg"
  },
  {
    "Vendor": "BMW",
    "Year": 2010,
    "Model": "Z4",
    "ImagePath": "https://image.smythstoys.com/original/desktop/102538.jpg"
  },
  {
    "Vendor": "Lexus",
    "Year": 2011,
    "Model": "RX Hybrid",
    "ImagePath": "https://image.smythstoys.com/original/desktop/102538.jpg"
  },
  {
    "Vendor": "Mercedes-Benz",
    "Year": 2010,
    "Model": "GLK-Class",
    "ImagePath": "https://image.smythstoys.com/original/desktop/102538.jpg"
  },
  {
    "Vendor": "Lincoln",
    "Year": 1986,
    "Model": "Town Car",
    "ImagePath": "https://image.smythstoys.com/original/desktop/102538.jpg"
  },
  {
    "Vendor": "Porsche",
    "Year": 2010,
    "Model": "Panamera",
    "ImagePath": "https://image.smythstoys.com/original/desktop/102538.jpg"
  },
  {
    "Vendor": "Lincoln",
    "Year": 1990,
    "Model": "Continental Mark VII",
    "ImagePath": "https://image.smythstoys.com/original/desktop/102538.jpg"
  },
  {
    "Vendor": "BMW",
    "Year": 2010,
    "Model": "Z4",
    "ImagePath": "https://image.smythstoys.com/original/desktop/102538.jpg"
  },
  {
    "Vendor": "Lexus",
    "Year": 2011,
    "Model": "RX Hybrid",
    "ImagePath": "https://image.smythstoys.com/original/desktop/102538.jpg"
  },
  {
    "Vendor": "Mercedes-Benz",
    "Year": 2010,
    "Model": "GLK-Class",
    "ImagePath": "https://image.smythstoys.com/original/desktop/102538.jpg"
  },
  {
    "Vendor": "Lincoln",
    "Year": 1986,
    "Model": "Town Car",
    "ImagePath": "https://image.smythstoys.com/original/desktop/102538.jpg"
  },
  {
    "Vendor": "Porsche",
    "Year": 2010,
    "Model": "Panamera",
    "ImagePath": "https://image.smythstoys.com/original/desktop/102538.jpg"
  },
  {
    "Vendor": "Lincoln",
    "Year": 1990,
    "Model": "Continental Mark VII",
    "ImagePath": "https://image.smythstoys.com/original/desktop/102538.jpg"
  },
  {
    "Vendor": "BMW",
    "Year": 2010,
    "Model": "Z4",
    "ImagePath": "https://image.smythstoys.com/original/desktop/102538.jpg"
  },
  {
    "Vendor": "Lexus",
    "Year": 2011,
    "Model": "RX Hybrid",
    "ImagePath": "https://image.smythstoys.com/original/desktop/102538.jpg"
  },
  {
    "Vendor": "Mercedes-Benz",
    "Year": 2010,
    "Model": "GLK-Class",
    "ImagePath": "https://image.smythstoys.com/original/desktop/102538.jpg"
  },
  {
    "Vendor": "Lincoln",
    "Year": 1986,
    "Model": "Town Car",
    "ImagePath": "https://image.smythstoys.com/original/desktop/102538.jpg"
  },
  {
    "Vendor": "Porsche",
    "Year": 2010,
    "Model": "Panamera",
    "ImagePath": "https://image.smythstoys.com/original/desktop/102538.jpg"
  },
  {
    "Vendor": "Lincoln",
    "Year": 1990,
    "Model": "Continental Mark VII",
    "ImagePath": "https://image.smythstoys.com/original/desktop/102538.jpg"
  },
  {
    "Vendor": "BMW",
    "Year": 2010,
    "Model": "Z4",
    "ImagePath": "https://image.smythstoys.com/original/desktop/102538.jpg"
  },
  {
    "Vendor": "Lexus",
    "Year": 2011,
    "Model": "RX Hybrid",
    "ImagePath": "https://image.smythstoys.com/original/desktop/102538.jpg"
  },
  {
    "Vendor": "Mercedes-Benz",
    "Year": 2010,
    "Model": "GLK-Class",
    "ImagePath": "https://image.smythstoys.com/original/desktop/102538.jpg"
  },
  {
    "Vendor": "Lincoln",
    "Year": 1986,
    "Model": "Town Car",
    "ImagePath": "https://image.smythstoys.com/original/desktop/102538.jpg"
  },
  {
    "Vendor": "Porsche",
    "Year": 2010,
    "Model": "Panamera",
    "ImagePath": "https://image.smythstoys.com/original/desktop/102538.jpg"
  },
  {
    "Vendor": "Lincoln",
    "Year": 1990,
    "Model": "Continental Mark VII",
    "ImagePath": "https://image.smythstoys.com/original/desktop/102538.jpg"
  },
  {
    "Vendor": "BMW",
    "Year": 2010,
    "Model": "Z4",
    "ImagePath": "https://image.smythstoys.com/original/desktop/102538.jpg"
  },
  {
    "Vendor": "Lexus",
    "Year": 2011,
    "Model": "RX Hybrid",
    "ImagePath": "https://image.smythstoys.com/original/desktop/102538.jpg"
  },
  {
    "Vendor": "Mercedes-Benz",
    "Year": 2010,
    "Model": "GLK-Class",
    "ImagePath": "https://image.smythstoys.com/original/desktop/102538.jpg"
  },
  {
    "Vendor": "Lincoln",
    "Year": 1986,
    "Model": "Town Car",
    "ImagePath": "https://image.smythstoys.com/original/desktop/102538.jpg"
  },
  {
    "Vendor": "Porsche",
    "Year": 2010,
    "Model": "Panamera",
    "ImagePath": "https://image.smythstoys.com/original/desktop/102538.jpg"
  },
  {
    "Vendor": "Lincoln",
    "Year": 1990,
    "Model": "Continental Mark VII",
    "ImagePath": "https://image.smythstoys.com/original/desktop/102538.jpg"
  },
  {
    "Vendor": "BMW",
    "Year": 2010,
    "Model": "Z4",
    "ImagePath": "https://image.smythstoys.com/original/desktop/102538.jpg"
  },
  {
    "Vendor": "Lexus",
    "Year": 2011,
    "Model": "RX Hybrid",
    "ImagePath": "https://image.smythstoys.com/original/desktop/102538.jpg"
  },
  {
    "Vendor": "Mercedes-Benz",
    "Year": 2010,
    "Model": "GLK-Class",
    "ImagePath": "https://image.smythstoys.com/original/desktop/102538.jpg"
  },
  {
    "Vendor": "Lincoln",
    "Year": 1986,
    "Model": "Town Car",
    "ImagePath": "https://image.smythstoys.com/original/desktop/102538.jpg"
  },
  {
    "Vendor": "Porsche",
    "Year": 2010,
    "Model": "Panamera",
    "ImagePath": "https://image.smythstoys.com/original/desktop/102538.jpg"
  },
  {
    "Vendor": "Lincoln",
    "Year": 1990,
    "Model": "Continental Mark VII",
    "ImagePath": "https://image.smythstoys.com/original/desktop/102538.jpg"
  },
  {
    "Vendor": "BMW",
    "Year": 2010,
    "Model": "Z4",
    "ImagePath": "https://image.smythstoys.com/original/desktop/102538.jpg"
  },
  {
    "Vendor": "Lexus",
    "Year": 2011,
    "Model": "RX Hybrid",
    "ImagePath": "https://image.smythstoys.com/original/desktop/102538.jpg"
  },
  {
    "Vendor": "Mercedes-Benz",
    "Year": 2010,
    "Model": "GLK-Class",
    "ImagePath": "https://image.smythstoys.com/original/desktop/102538.jpg"
  },
  {
    "Vendor": "Lincoln",
    "Year": 1986,
    "Model": "Town Car",
    "ImagePath": "https://image.smythstoys.com/original/desktop/102538.jpg"
  },
  {
    "Vendor": "Porsche",
    "Year": 2010,
    "Model": "Panamera",
    "ImagePath": "https://image.smythstoys.com/original/desktop/102538.jpg"
  },
  {
    "Vendor": "Lincoln",
    "Year": 1990,
    "Model": "Continental Mark VII",
    "ImagePath": "https://image.smythstoys.com/original/desktop/102538.jpg"
  },
  {
    "Vendor": "BMW",
    "Year": 2010,
    "Model": "Z4",
    "ImagePath": "https://image.smythstoys.com/original/desktop/102538.jpg"
  },
  {
    "Vendor": "Lexus",
    "Year": 2011,
    "Model": "RX Hybrid",
    "ImagePath": "https://image.smythstoys.com/original/desktop/102538.jpg"
  },
  {
    "Vendor": "Mercedes-Benz",
    "Year": 2010,
    "Model": "GLK-Class",
    "ImagePath": "https://image.smythstoys.com/original/desktop/102538.jpg"
  },
  {
    "Vendor": "Lincoln",
    "Year": 1986,
    "Model": "Town Car",
    "ImagePath": "https://image.smythstoys.com/original/desktop/102538.jpg"
  },
  {
    "Vendor": "Porsche",
    "Year": 2010,
    "Model": "Panamera",
    "ImagePath": "https://image.smythstoys.com/original/desktop/102538.jpg"
  },
  {
    "Vendor": "Lincoln",
    "Year": 1990,
    "Model": "Continental Mark VII",
    "ImagePath": "https://image.smythstoys.com/original/desktop/102538.jpg"
  },
  {
    "Vendor": "BMW",
    "Year": 2010,
    "Model": "Z4",
    "ImagePath": "https://image.smythstoys.com/original/desktop/102538.jpg"
  },
  {
    "Vendor": "Lexus",
    "Year": 2011,
    "Model": "RX Hybrid",
    "ImagePath": "https://image.smythstoys.com/original/desktop/102538.jpg"
  },
  {
    "Vendor": "Mercedes-Benz",
    "Year": 2010,
    "Model": "GLK-Class",
    "ImagePath": "https://image.smythstoys.com/original/desktop/102538.jpg"
  },
  {
    "Vendor": "Lincoln",
    "Year": 1986,
    "Model": "Town Car",
    "ImagePath": "https://image.smythstoys.com/original/desktop/102538.jpg"
  },
  {
    "Vendor": "Porsche",
    "Year": 2010,
    "Model": "Panamera",
    "ImagePath": "https://image.smythstoys.com/original/desktop/102538.jpg"
  },
  {
    "Vendor": "Lincoln",
    "Year": 1990,
    "Model": "Continental Mark VII",
    "ImagePath": "https://image.smythstoys.com/original/desktop/102538.jpg"
  },
  {
    "Vendor": "BMW",
    "Year": 2010,
    "Model": "Z4",
    "ImagePath": "https://image.smythstoys.com/original/desktop/102538.jpg"
  },
  {
    "Vendor": "Lexus",
    "Year": 2011,
    "Model": "RX Hybrid",
    "ImagePath": "https://image.smythstoys.com/original/desktop/102538.jpg"
  },
  {
    "Vendor": "Mercedes-Benz",
    "Year": 2010,
    "Model": "GLK-Class",
    "ImagePath": "https://image.smythstoys.com/original/desktop/102538.jpg"
  },
  {
    "Vendor": "Lincoln",
    "Year": 1986,
    "Model": "Town Car",
    "ImagePath": "https://image.smythstoys.com/original/desktop/102538.jpg"
  },
  {
    "Vendor": "Porsche",
    "Year": 2010,
    "Model": "Panamera",
    "ImagePath": "https://image.smythstoys.com/original/desktop/102538.jpg"
  },
  {
    "Vendor": "Lincoln",
    "Year": 1990,
    "Model": "Continental Mark VII",
    "ImagePath": "https://image.smythstoys.com/original/desktop/102538.jpg"
  },
  {
    "Vendor": "BMW",
    "Year": 2010,
    "Model": "Z4",
    "ImagePath": "https://image.smythstoys.com/original/desktop/102538.jpg"
  },
  {
    "Vendor": "Lexus",
    "Year": 2011,
    "Model": "RX Hybrid",
    "ImagePath": "https://image.smythstoys.com/original/desktop/102538.jpg"
  },
  {
    "Vendor": "Mercedes-Benz",
    "Year": 2010,
    "Model": "GLK-Class",
    "ImagePath": "https://image.smythstoys.com/original/desktop/102538.jpg"
  },
  {
    "Vendor": "Lincoln",
    "Year": 1986,
    "Model": "Town Car",
    "ImagePath": "https://image.smythstoys.com/original/desktop/102538.jpg"
  },
  {
    "Vendor": "Porsche",
    "Year": 2010,
    "Model": "Panamera",
    "ImagePath": "https://image.smythstoys.com/original/desktop/102538.jpg"
  },
  {
    "Vendor": "Lincoln",
    "Year": 1990,
    "Model": "Continental Mark VII",
    "ImagePath": "https://image.smythstoys.com/original/desktop/102538.jpg"
  },
  {
    "Vendor": "BMW",
    "Year": 2010,
    "Model": "Z4",
    "ImagePath": "https://image.smythstoys.com/original/desktop/102538.jpg"
  },
  {
    "Vendor": "Lexus",
    "Year": 2011,
    "Model": "RX Hybrid",
    "ImagePath": "https://image.smythstoys.com/original/desktop/102538.jpg"
  },
  {
    "Vendor": "Mercedes-Benz",
    "Year": 2010,
    "Model": "GLK-Class",
    "ImagePath": "https://image.smythstoys.com/original/desktop/102538.jpg"
  },
  {
    "Vendor": "Lincoln",
    "Year": 1986,
    "Model": "Town Car",
    "ImagePath": "https://image.smythstoys.com/original/desktop/102538.jpg"
  },
  {
    "Vendor": "Porsche",
    "Year": 2010,
    "Model": "Panamera",
    "ImagePath": "https://image.smythstoys.com/original/desktop/102538.jpg"
  },
  {
    "Vendor": "Lincoln",
    "Year": 1990,
    "Model": "Continental Mark VII",
    "ImagePath": "https://image.smythstoys.com/original/desktop/102538.jpg"
  },
  {
    "Vendor": "BMW",
    "Year": 2010,
    "Model": "Z4",
    "ImagePath": "https://image.smythstoys.com/original/desktop/102538.jpg"
  },
  {
    "Vendor": "Lexus",
    "Year": 2011,
    "Model": "RX Hybrid",
    "ImagePath": "https://image.smythstoys.com/original/desktop/102538.jpg"
  },
  {
    "Vendor": "Mercedes-Benz",
    "Year": 2010,
    "Model": "GLK-Class",
    "ImagePath": "https://image.smythstoys.com/original/desktop/102538.jpg"
  },
  {
    "Vendor": "Lincoln",
    "Year": 1986,
    "Model": "Town Car",
    "ImagePath": "https://image.smythstoys.com/original/desktop/102538.jpg"
  },
  {
    "Vendor": "Porsche",
    "Year": 2010,
    "Model": "Panamera",
    "ImagePath": "https://image.smythstoys.com/original/desktop/102538.jpg"
  },
  {
    "Vendor": "Lincoln",
    "Year": 1990,
    "Model": "Continental Mark VII",
    "ImagePath": "https://image.smythstoys.com/original/desktop/102538.jpg"
  },
  {
    "Vendor": "BMW",
    "Year": 2010,
    "Model": "Z4",
    "ImagePath": "https://image.smythstoys.com/original/desktop/102538.jpg"
  },
  {
    "Vendor": "Lexus",
    "Year": 2011,
    "Model": "RX Hybrid",
    "ImagePath": "https://image.smythstoys.com/original/desktop/102538.jpg"
  },
  {
    "Vendor": "Mercedes-Benz",
    "Year": 2010,
    "Model": "GLK-Class",
    "ImagePath": "https://image.smythstoys.com/original/desktop/102538.jpg"
  },
  {
    "Vendor": "Lincoln",
    "Year": 1986,
    "Model": "Town Car",
    "ImagePath": "https://image.smythstoys.com/original/desktop/102538.jpg"
  },
  {
    "Vendor": "Porsche",
    "Year": 2010,
    "Model": "Panamera",
    "ImagePath": "https://image.smythstoys.com/original/desktop/102538.jpg"
  },
  {
    "Vendor": "Lincoln",
    "Year": 1990,
    "Model": "Continental Mark VII",
    "ImagePath": "https://image.smythstoys.com/original/desktop/102538.jpg"
  },
  {
    "Vendor": "BMW",
    "Year": 2010,
    "Model": "Z4",
    "ImagePath": "https://image.smythstoys.com/original/desktop/102538.jpg"
  },
  {
    "Vendor": "Lexus",
    "Year": 2011,
    "Model": "RX Hybrid",
    "ImagePath": "https://image.smythstoys.com/original/desktop/102538.jpg"
  },
  {
    "Vendor": "Mercedes-Benz",
    "Year": 2010,
    "Model": "GLK-Class",
    "ImagePath": "https://image.smythstoys.com/original/desktop/102538.jpg"
  },
  {
    "Vendor": "Lincoln",
    "Year": 1986,
    "Model": "Town Car",
    "ImagePath": "https://image.smythstoys.com/original/desktop/102538.jpg"
  },
  {
    "Vendor": "Porsche",
    "Year": 2010,
    "Model": "Panamera",
    "ImagePath": "https://image.smythstoys.com/original/desktop/102538.jpg"
  },
  {
    "Vendor": "Lincoln",
    "Year": 1990,
    "Model": "Continental Mark VII",
    "ImagePath": "https://image.smythstoys.com/original/desktop/102538.jpg"
  },
  {
    "Vendor": "BMW",
    "Year": 2010,
    "Model": "Z4",
    "ImagePath": "https://image.smythstoys.com/original/desktop/102538.jpg"
  },
  {
    "Vendor": "Lexus",
    "Year": 2011,
    "Model": "RX Hybrid",
    "ImagePath": "https://image.smythstoys.com/original/desktop/102538.jpg"
  },
  {
    "Vendor": "Mercedes-Benz",
    "Year": 2010,
    "Model": "GLK-Class",
    "ImagePath": "https://image.smythstoys.com/original/desktop/102538.jpg"
  },
  {
    "Vendor": "Lincoln",
    "Year": 1986,
    "Model": "Town Car",
    "ImagePath": "https://image.smythstoys.com/original/desktop/102538.jpg"
  },
  {
    "Vendor": "Porsche",
    "Year": 2010,
    "Model": "Panamera",
    "ImagePath": "https://image.smythstoys.com/original/desktop/102538.jpg"
  },
  {
    "Vendor": "Lincoln",
    "Year": 1990,
    "Model": "Continental Mark VII",
    "ImagePath": "https://image.smythstoys.com/original/desktop/102538.jpg"
  },
  {
    "Vendor": "BMW",
    "Year": 2010,
    "Model": "Z4",
    "ImagePath": "https://image.smythstoys.com/original/desktop/102538.jpg"
  },
  {
    "Vendor": "Lexus",
    "Year": 2011,
    "Model": "RX Hybrid",
    "ImagePath": "https://image.smythstoys.com/original/desktop/102538.jpg"
  },
  {
    "Vendor": "Mercedes-Benz",
    "Year": 2010,
    "Model": "GLK-Class",
    "ImagePath": "https://image.smythstoys.com/original/desktop/102538.jpg"
  },
  {
    "Vendor": "Lincoln",
    "Year": 1986,
    "Model": "Town Car",
    "ImagePath": "https://image.smythstoys.com/original/desktop/102538.jpg"
  },
  {
    "Vendor": "Porsche",
    "Year": 2010,
    "Model": "Panamera",
    "ImagePath": "https://image.smythstoys.com/original/desktop/102538.jpg"
  },
  {
    "Vendor": "Lincoln",
    "Year": 1990,
    "Model": "Continental Mark VII",
    "ImagePath": "https://image.smythstoys.com/original/desktop/102538.jpg"
  },
  {
    "Vendor": "BMW",
    "Year": 2010,
    "Model": "Z4",
    "ImagePath": "https://image.smythstoys.com/original/desktop/102538.jpg"
  },
  {
    "Vendor": "Lexus",
    "Year": 2011,
    "Model": "RX Hybrid",
    "ImagePath": "https://image.smythstoys.com/original/desktop/102538.jpg"
  },
  {
    "Vendor": "Mercedes-Benz",
    "Year": 2010,
    "Model": "GLK-Class",
    "ImagePath": "https://image.smythstoys.com/original/desktop/102538.jpg"
  },
  {
    "Vendor": "Lincoln",
    "Year": 1986,
    "Model": "Town Car",
    "ImagePath": "https://image.smythstoys.com/original/desktop/102538.jpg"
  },
  {
    "Vendor": "Porsche",
    "Year": 2010,
    "Model": "Panamera",
    "ImagePath": "https://image.smythstoys.com/original/desktop/102538.jpg"
  },
  {
    "Vendor": "Lincoln",
    "Year": 1990,
    "Model": "Continental Mark VII",
    "ImagePath": "https://image.smythstoys.com/original/desktop/102538.jpg"
  },
  {
    "Vendor": "BMW",
    "Year": 2010,
    "Model": "Z4",
    "ImagePath": "https://image.smythstoys.com/original/desktop/102538.jpg"
  },
  {
    "Vendor": "Lexus",
    "Year": 2011,
    "Model": "RX Hybrid",
    "ImagePath": "https://image.smythstoys.com/original/desktop/102538.jpg"
  },
  {
    "Vendor": "Mercedes-Benz",
    "Year": 2010,
    "Model": "GLK-Class",
    "ImagePath": "https://image.smythstoys.com/original/desktop/102538.jpg"
  },
  {
    "Vendor": "Lincoln",
    "Year": 1986,
    "Model": "Town Car",
    "ImagePath": "https://image.smythstoys.com/original/desktop/102538.jpg"
  },
  {
    "Vendor": "Porsche",
    "Year": 2010,
    "Model": "Panamera",
    "ImagePath": "https://image.smythstoys.com/original/desktop/102538.jpg"
  },
  {
    "Vendor": "Lincoln",
    "Year": 1990,
    "Model": "Continental Mark VII",
    "ImagePath": "https://image.smythstoys.com/original/desktop/102538.jpg"
  },
  {
    "Vendor": "BMW",
    "Year": 2010,
    "Model": "Z4",
    "ImagePath": "https://image.smythstoys.com/original/desktop/102538.jpg"
  },
  {
    "Vendor": "Lexus",
    "Year": 2011,
    "Model": "RX Hybrid",
    "ImagePath": "https://image.smythstoys.com/original/desktop/102538.jpg"
  },
  {
    "Vendor": "Mercedes-Benz",
    "Year": 2010,
    "Model": "GLK-Class",
    "ImagePath": "https://image.smythstoys.com/original/desktop/102538.jpg"
  },
  {
    "Vendor": "Lincoln",
    "Year": 1986,
    "Model": "Town Car",
    "ImagePath": "https://image.smythstoys.com/original/desktop/102538.jpg"
  },
  {
    "Vendor": "Porsche",
    "Year": 2010,
    "Model": "Panamera",
    "ImagePath": "https://image.smythstoys.com/original/desktop/102538.jpg"
  },
  {
    "Vendor": "Lincoln",
    "Year": 1990,
    "Model": "Continental Mark VII",
    "ImagePath": "https://image.smythstoys.com/original/desktop/102538.jpg"
  },
  {
    "Vendor": "BMW",
    "Year": 2010,
    "Model": "Z4",
    "ImagePath": "https://image.smythstoys.com/original/desktop/102538.jpg"
  },
  {
    "Vendor": "Lexus",
    "Year": 2011,
    "Model": "RX Hybrid",
    "ImagePath": "https://image.smythstoys.com/original/desktop/102538.jpg"
  },
  {
    "Vendor": "Mercedes-Benz",
    "Year": 2010,
    "Model": "GLK-Class",
    "ImagePath": "https://image.smythstoys.com/original/desktop/102538.jpg"
  },
  {
    "Vendor": "Lincoln",
    "Year": 1986,
    "Model": "Town Car",
    "ImagePath": "https://image.smythstoys.com/original/desktop/102538.jpg"
  },
  {
    "Vendor": "Porsche",
    "Year": 2010,
    "Model": "Panamera",
    "ImagePath": "https://image.smythstoys.com/original/desktop/102538.jpg"
  },
  {
    "Vendor": "Lincoln",
    "Year": 1990,
    "Model": "Continental Mark VII",
    "ImagePath": "https://image.smythstoys.com/original/desktop/102538.jpg"
  },
  {
    "Vendor": "BMW",
    "Year": 2010,
    "Model": "Z4",
    "ImagePath": "https://image.smythstoys.com/original/desktop/102538.jpg"
  },
  {
    "Vendor": "Lexus",
    "Year": 2011,
    "Model": "RX Hybrid",
    "ImagePath": "https://image.smythstoys.com/original/desktop/102538.jpg"
  },
  {
    "Vendor": "Mercedes-Benz",
    "Year": 2010,
    "Model": "GLK-Class",
    "ImagePath": "https://image.smythstoys.com/original/desktop/102538.jpg"
  },
  {
    "Vendor": "Lincoln",
    "Year": 1986,
    "Model": "Town Car",
    "ImagePath": "https://image.smythstoys.com/original/desktop/102538.jpg"
  },
  {
    "Vendor": "Porsche",
    "Year": 2010,
    "Model": "Panamera",
    "ImagePath": "https://image.smythstoys.com/original/desktop/102538.jpg"
  },
  {
    "Vendor": "Lincoln",
    "Year": 1990,
    "Model": "Continental Mark VII",
    "ImagePath": "https://image.smythstoys.com/original/desktop/102538.jpg"
  },
  {
    "Vendor": "BMW",
    "Year": 2010,
    "Model": "Z4",
    "ImagePath": "https://image.smythstoys.com/original/desktop/102538.jpg"
  },
  {
    "Vendor": "Lexus",
    "Year": 2011,
    "Model": "RX Hybrid",
    "ImagePath": "https://image.smythstoys.com/original/desktop/102538.jpg"
  },
  {
    "Vendor": "Mercedes-Benz",
    "Year": 2010,
    "Model": "GLK-Class",
    "ImagePath": "https://image.smythstoys.com/original/desktop/102538.jpg"
  },
  {
    "Vendor": "Lincoln",
    "Year": 1986,
    "Model": "Town Car",
    "ImagePath": "https://image.smythstoys.com/original/desktop/102538.jpg"
  },
  {
    "Vendor": "Porsche",
    "Year": 2010,
    "Model": "Panamera",
    "ImagePath": "https://image.smythstoys.com/original/desktop/102538.jpg"
  },
  {
    "Vendor": "Lincoln",
    "Year": 1990,
    "Model": "Continental Mark VII",
    "ImagePath": "https://image.smythstoys.com/original/desktop/102538.jpg"
  },
  {
    "Vendor": "BMW",
    "Year": 2010,
    "Model": "Z4",
    "ImagePath": "https://image.smythstoys.com/original/desktop/102538.jpg"
  },
  {
    "Vendor": "Lexus",
    "Year": 2011,
    "Model": "RX Hybrid",
    "ImagePath": "https://image.smythstoys.com/original/desktop/102538.jpg"
  },
  {
    "Vendor": "Mercedes-Benz",
    "Year": 2010,
    "Model": "GLK-Class",
    "ImagePath": "https://image.smythstoys.com/original/desktop/102538.jpg"
  },
  {
    "Vendor": "Lincoln",
    "Year": 1986,
    "Model": "Town Car",
    "ImagePath": "https://image.smythstoys.com/original/desktop/102538.jpg"
  },
  {
    "Vendor": "Porsche",
    "Year": 2010,
    "Model": "Panamera",
    "ImagePath": "https://image.smythstoys.com/original/desktop/102538.jpg"
  },
  {
    "Vendor": "Lincoln",
    "Year": 1990,
    "Model": "Continental Mark VII",
    "ImagePath": "https://image.smythstoys.com/original/desktop/102538.jpg"
  },
  {
    "Vendor": "BMW",
    "Year": 2010,
    "Model": "Z4",
    "ImagePath": "https://image.smythstoys.com/original/desktop/102538.jpg"
  },
  {
    "Vendor": "Lexus",
    "Year": 2011,
    "Model": "RX Hybrid",
    "ImagePath": "https://image.smythstoys.com/original/desktop/102538.jpg"
  },
  {
    "Vendor": "Mercedes-Benz",
    "Year": 2010,
    "Model": "GLK-Class",
    "ImagePath": "https://image.smythstoys.com/original/desktop/102538.jpg"
  },
  {
    "Vendor": "Lincoln",
    "Year": 1986,
    "Model": "Town Car",
    "ImagePath": "https://image.smythstoys.com/original/desktop/102538.jpg"
  },
  {
    "Vendor": "Porsche",
    "Year": 2010,
    "Model": "Panamera",
    "ImagePath": "https://image.smythstoys.com/original/desktop/102538.jpg"
  },
  {
    "Vendor": "Lincoln",
    "Year": 1990,
    "Model": "Continental Mark VII",
    "ImagePath": "https://image.smythstoys.com/original/desktop/102538.jpg"
  },
  {
    "Vendor": "BMW",
    "Year": 2010,
    "Model": "Z4",
    "ImagePath": "https://image.smythstoys.com/original/desktop/102538.jpg"
  },
  {
    "Vendor": "Lexus",
    "Year": 2011,
    "Model": "RX Hybrid",
    "ImagePath": "https://image.smythstoys.com/original/desktop/102538.jpg"
  },
  {
    "Vendor": "Mercedes-Benz",
    "Year": 2010,
    "Model": "GLK-Class",
    "ImagePath": "https://image.smythstoys.com/original/desktop/102538.jpg"
  },
  {
    "Vendor": "Lincoln",
    "Year": 1986,
    "Model": "Town Car",
    "ImagePath": "https://image.smythstoys.com/original/desktop/102538.jpg"
  },
  {
    "Vendor": "Porsche",
    "Year": 2010,
    "Model": "Panamera",
    "ImagePath": "https://image.smythstoys.com/original/desktop/102538.jpg"
  },
  {
    "Vendor": "Lincoln",
    "Year": 1990,
    "Model": "Continental Mark VII",
    "ImagePath": "https://image.smythstoys.com/original/desktop/102538.jpg"
  },
  {
    "Vendor": "BMW",
    "Year": 2010,
    "Model": "Z4",
    "ImagePath": "https://image.smythstoys.com/original/desktop/102538.jpg"
  },
  {
    "Vendor": "Lexus",
    "Year": 2011,
    "Model": "RX Hybrid",
    "ImagePath": "https://image.smythstoys.com/original/desktop/102538.jpg"
  },
  {
    "Vendor": "Mercedes-Benz",
    "Year": 2010,
    "Model": "GLK-Class",
    "ImagePath": "https://image.smythstoys.com/original/desktop/102538.jpg"
  },
  {
    "Vendor": "Lincoln",
    "Year": 1986,
    "Model": "Town Car",
    "ImagePath": "https://image.smythstoys.com/original/desktop/102538.jpg"
  },
  {
    "Vendor": "Porsche",
    "Year": 2010,
    "Model": "Panamera",
    "ImagePath": "https://image.smythstoys.com/original/desktop/102538.jpg"
  },
  {
    "Vendor": "Lincoln",
    "Year": 1990,
    "Model": "Continental Mark VII",
    "ImagePath": "https://image.smythstoys.com/original/desktop/102538.jpg"
  },
  {
    "Vendor": "BMW",
    "Year": 2010,
    "Model": "Z4",
    "ImagePath": "https://image.smythstoys.com/original/desktop/102538.jpg"
  },
  {
    "Vendor": "Lexus",
    "Year": 2011,
    "Model": "RX Hybrid",
    "ImagePath": "https://image.smythstoys.com/original/desktop/102538.jpg"
  },
  {
    "Vendor": "Mercedes-Benz",
    "Year": 2010,
    "Model": "GLK-Class",
    "ImagePath": "https://image.smythstoys.com/original/desktop/102538.jpg"
  },
  {
    "Vendor": "Lincoln",
    "Year": 1986,
    "Model": "Town Car",
    "ImagePath": "https://image.smythstoys.com/original/desktop/102538.jpg"
  },
  {
    "Vendor": "Porsche",
    "Year": 2010,
    "Model": "Panamera",
    "ImagePath": "https://image.smythstoys.com/original/desktop/102538.jpg"
  },
  {
    "Vendor": "Lincoln",
    "Year": 1990,
    "Model": "Continental Mark VII",
    "ImagePath": "https://image.smythstoys.com/original/desktop/102538.jpg"
  },
  {
    "Vendor": "BMW",
    "Year": 2010,
    "Model": "Z4",
    "ImagePath": "https://image.smythstoys.com/original/desktop/102538.jpg"
  },
  {
    "Vendor": "Lexus",
    "Year": 2011,
    "Model": "RX Hybrid",
    "ImagePath": "https://image.smythstoys.com/original/desktop/102538.jpg"
  },
  {
    "Vendor": "Mercedes-Benz",
    "Year": 2010,
    "Model": "GLK-Class",
    "ImagePath": "https://image.smythstoys.com/original/desktop/102538.jpg"
  },
  {
    "Vendor": "Lincoln",
    "Year": 1986,
    "Model": "Town Car",
    "ImagePath": "https://image.smythstoys.com/original/desktop/102538.jpg"
  },
  {
    "Vendor": "Porsche",
    "Year": 2010,
    "Model": "Panamera",
    "ImagePath": "https://image.smythstoys.com/original/desktop/102538.jpg"
  },
  {
    "Vendor": "Lincoln",
    "Year": 1990,
    "Model": "Continental Mark VII",
    "ImagePath": "https://image.smythstoys.com/original/desktop/102538.jpg"
  },
  {
    "Vendor": "BMW",
    "Year": 2010,
    "Model": "Z4",
    "ImagePath": "https://image.smythstoys.com/original/desktop/102538.jpg"
  },
  {
    "Vendor": "Lexus",
    "Year": 2011,
    "Model": "RX Hybrid",
    "ImagePath": "https://image.smythstoys.com/original/desktop/102538.jpg"
  },
  {
    "Vendor": "Mercedes-Benz",
    "Year": 2010,
    "Model": "GLK-Class",
    "ImagePath": "https://image.smythstoys.com/original/desktop/102538.jpg"
  },
  {
    "Vendor": "Lincoln",
    "Year": 1986,
    "Model": "Town Car",
    "ImagePath": "https://image.smythstoys.com/original/desktop/102538.jpg"
  },
  {
    "Vendor": "Porsche",
    "Year": 2010,
    "Model": "Panamera",
    "ImagePath": "https://image.smythstoys.com/original/desktop/102538.jpg"
  },
  {
    "Vendor": "Lincoln",
    "Year": 1990,
    "Model": "Continental Mark VII",
    "ImagePath": "https://image.smythstoys.com/original/desktop/102538.jpg"
  },
  {
    "Vendor": "BMW",
    "Year": 2010,
    "Model": "Z4",
    "ImagePath": "https://image.smythstoys.com/original/desktop/102538.jpg"
  },
  {
    "Vendor": "Lexus",
    "Year": 2011,
    "Model": "RX Hybrid",
    "ImagePath": "https://image.smythstoys.com/original/desktop/102538.jpg"
  },
  {
    "Vendor": "Mercedes-Benz",
    "Year": 2010,
    "Model": "GLK-Class",
    "ImagePath": "https://image.smythstoys.com/original/desktop/102538.jpg"
  },
  {
    "Vendor": "Lincoln",
    "Year": 1986,
    "Model": "Town Car",
    "ImagePath": "https://image.smythstoys.com/original/desktop/102538.jpg"
  },
  {
    "Vendor": "Porsche",
    "Year": 2010,
    "Model": "Panamera",
    "ImagePath": "https://image.smythstoys.com/original/desktop/102538.jpg"
  },
  {
    "Vendor": "Lincoln",
    "Year": 1990,
    "Model": "Continental Mark VII",
    "ImagePath": "https://image.smythstoys.com/original/desktop/102538.jpg"
  },
  {
    "Vendor": "BMW",
    "Year": 2010,
    "Model": "Z4",
    "ImagePath": "https://image.smythstoys.com/original/desktop/102538.jpg"
  },
  {
    "Vendor": "Lexus",
    "Year": 2011,
    "Model": "RX Hybrid",
    "ImagePath": "https://image.smythstoys.com/original/desktop/102538.jpg"
  },
  {
    "Vendor": "Mercedes-Benz",
    "Year": 2010,
    "Model": "GLK-Class",
    "ImagePath": "https://image.smythstoys.com/original/desktop/102538.jpg"
  },
  {
    "Vendor": "Lincoln",
    "Year": 1986,
    "Model": "Town Car",
    "ImagePath": "https://image.smythstoys.com/original/desktop/102538.jpg"
  },
  {
    "Vendor": "Porsche",
    "Year": 2010,
    "Model": "Panamera",
    "ImagePath": "https://image.smythstoys.com/original/desktop/102538.jpg"
  },
  {
    "Vendor": "Lincoln",
    "Year": 1990,
    "Model": "Continental Mark VII",
    "ImagePath": "https://image.smythstoys.com/original/desktop/102538.jpg"
  },
  {
    "Vendor": "BMW",
    "Year": 2010,
    "Model": "Z4",
    "ImagePath": "https://image.smythstoys.com/original/desktop/102538.jpg"
  },
  {
    "Vendor": "Lexus",
    "Year": 2011,
    "Model": "RX Hybrid",
    "ImagePath": "https://image.smythstoys.com/original/desktop/102538.jpg"
  },
  {
    "Vendor": "Mercedes-Benz",
    "Year": 2010,
    "Model": "GLK-Class",
    "ImagePath": "https://image.smythstoys.com/original/desktop/102538.jpg"
  },
  {
    "Vendor": "Lincoln",
    "Year": 1986,
    "Model": "Town Car",
    "ImagePath": "https://image.smythstoys.com/original/desktop/102538.jpg"
  },
  {
    "Vendor": "Porsche",
    "Year": 2010,
    "Model": "Panamera",
    "ImagePath": "https://image.smythstoys.com/original/desktop/102538.jpg"
  },
  {
    "Vendor": "Lincoln",
    "Year": 1990,
    "Model": "Continental Mark VII",
    "ImagePath": "https://image.smythstoys.com/original/desktop/102538.jpg"
  },
  {
    "Vendor": "BMW",
    "Year": 2010,
    "Model": "Z4",
    "ImagePath": "https://image.smythstoys.com/original/desktop/102538.jpg"
  },
  {
    "Vendor": "Lexus",
    "Year": 2011,
    "Model": "RX Hybrid",
    "ImagePath": "https://image.smythstoys.com/original/desktop/102538.jpg"
  },
  {
    "Vendor": "Mercedes-Benz",
    "Year": 2010,
    "Model": "GLK-Class",
    "ImagePath": "https://image.smythstoys.com/original/desktop/102538.jpg"
  },
  {
    "Vendor": "Lincoln",
    "Year": 1986,
    "Model": "Town Car",
    "ImagePath": "https://image.smythstoys.com/original/desktop/102538.jpg"
  },
  {
    "Vendor": "Porsche",
    "Year": 2010,
    "Model": "Panamera",
    "ImagePath": "https://image.smythstoys.com/original/desktop/102538.jpg"
  },
  {
    "Vendor": "Lincoln",
    "Year": 1990,
    "Model": "Continental Mark VII",
    "ImagePath": "https://image.smythstoys.com/original/desktop/102538.jpg"
  },
  {
    "Vendor": "BMW",
    "Year": 2010,
    "Model": "Z4",
    "ImagePath": "https://image.smythstoys.com/original/desktop/102538.jpg"
  },
  {
    "Vendor": "Lexus",
    "Year": 2011,
    "Model": "RX Hybrid",
    "ImagePath": "https://image.smythstoys.com/original/desktop/102538.jpg"
  },
  {
    "Vendor": "Mercedes-Benz",
    "Year": 2010,
    "Model": "GLK-Class",
    "ImagePath": "https://image.smythstoys.com/original/desktop/102538.jpg"
  },
  {
    "Vendor": "Lincoln",
    "Year": 1986,
    "Model": "Town Car",
    "ImagePath": "https://image.smythstoys.com/original/desktop/102538.jpg"
  },
  {
    "Vendor": "Porsche",
    "Year": 2010,
    "Model": "Panamera",
    "ImagePath": "https://image.smythstoys.com/original/desktop/102538.jpg"
  },
  {
    "Vendor": "Lincoln",
    "Year": 1990,
    "Model": "Continental Mark VII",
    "ImagePath": "https://image.smythstoys.com/original/desktop/102538.jpg"
  },
  {
    "Vendor": "BMW",
    "Year": 2010,
    "Model": "Z4",
    "ImagePath": "https://image.smythstoys.com/original/desktop/102538.jpg"
  },
  {
    "Vendor": "Lexus",
    "Year": 2011,
    "Model": "RX Hybrid",
    "ImagePath": "https://image.smythstoys.com/original/desktop/102538.jpg"
  },
  {
    "Vendor": "Mercedes-Benz",
    "Year": 2010,
    "Model": "GLK-Class",
    "ImagePath": "https://image.smythstoys.com/original/desktop/102538.jpg"
  },
  {
    "Vendor": "Lincoln",
    "Year": 1986,
    "Model": "Town Car",
    "ImagePath": "https://image.smythstoys.com/original/desktop/102538.jpg"
  },
  {
    "Vendor": "Porsche",
    "Year": 2010,
    "Model": "Panamera",
    "ImagePath": "https://image.smythstoys.com/original/desktop/102538.jpg"
  },
  {
    "Vendor": "Lincoln",
    "Year": 1990,
    "Model": "Continental Mark VII",
    "ImagePath": "https://image.smythstoys.com/original/desktop/102538.jpg"
  },
  {
    "Vendor": "BMW",
    "Year": 2010,
    "Model": "Z4",
    "ImagePath": "https://image.smythstoys.com/original/desktop/102538.jpg"
  },
  {
    "Vendor": "Lexus",
    "Year": 2011,
    "Model": "RX Hybrid",
    "ImagePath": "https://image.smythstoys.com/original/desktop/102538.jpg"
  },
  {
    "Vendor": "Mercedes-Benz",
    "Year": 2010,
    "Model": "GLK-Class",
    "ImagePath": "https://image.smythstoys.com/original/desktop/102538.jpg"
  },
  {
    "Vendor": "Lincoln",
    "Year": 1986,
    "Model": "Town Car",
    "ImagePath": "https://image.smythstoys.com/original/desktop/102538.jpg"
  },
  {
    "Vendor": "Porsche",
    "Year": 2010,
    "Model": "Panamera",
    "ImagePath": "https://image.smythstoys.com/original/desktop/102538.jpg"
  },
  {
    "Vendor": "Lincoln",
    "Year": 1990,
    "Model": "Continental Mark VII",
    "ImagePath": "https://image.smythstoys.com/original/desktop/102538.jpg"
  },
  {
    "Vendor": "BMW",
    "Year": 2010,
    "Model": "Z4",
    "ImagePath": "https://image.smythstoys.com/original/desktop/102538.jpg"
  },
  {
    "Vendor": "Lexus",
    "Year": 2011,
    "Model": "RX Hybrid",
    "ImagePath": "https://image.smythstoys.com/original/desktop/102538.jpg"
  },
  {
    "Vendor": "Mercedes-Benz",
    "Year": 2010,
    "Model": "GLK-Class",
    "ImagePath": "https://image.smythstoys.com/original/desktop/102538.jpg"
  },
  {
    "Vendor": "Lincoln",
    "Year": 1986,
    "Model": "Town Car",
    "ImagePath": "https://image.smythstoys.com/original/desktop/102538.jpg"
  },
  {
    "Vendor": "Porsche",
    "Year": 2010,
    "Model": "Panamera",
    "ImagePath": "https://image.smythstoys.com/original/desktop/102538.jpg"
  },
  {
    "Vendor": "Lincoln",
    "Year": 1990,
    "Model": "Continental Mark VII",
    "ImagePath": "https://image.smythstoys.com/original/desktop/102538.jpg"
  },
  {
    "Vendor": "BMW",
    "Year": 2010,
    "Model": "Z4",
    "ImagePath": "https://image.smythstoys.com/original/desktop/102538.jpg"
  },
  {
    "Vendor": "Lexus",
    "Year": 2011,
    "Model": "RX Hybrid",
    "ImagePath": "https://image.smythstoys.com/original/desktop/102538.jpg"
  },
  {
    "Vendor": "Mercedes-Benz",
    "Year": 2010,
    "Model": "GLK-Class",
    "ImagePath": "https://image.smythstoys.com/original/desktop/102538.jpg"
  },
  {
    "Vendor": "Lincoln",
    "Year": 1986,
    "Model": "Town Car",
    "ImagePath": "https://image.smythstoys.com/original/desktop/102538.jpg"
  },
  {
    "Vendor": "Porsche",
    "Year": 2010,
    "Model": "Panamera",
    "ImagePath": "https://image.smythstoys.com/original/desktop/102538.jpg"
  },
  {
    "Vendor": "Lincoln",
    "Year": 1990,
    "Model": "Continental Mark VII",
    "ImagePath": "https://image.smythstoys.com/original/desktop/102538.jpg"
  },
  {
    "Vendor": "BMW",
    "Year": 2010,
    "Model": "Z4",
    "ImagePath": "https://image.smythstoys.com/original/desktop/102538.jpg"
  },
  {
    "Vendor": "Lexus",
    "Year": 2011,
    "Model": "RX Hybrid",
    "ImagePath": "https://image.smythstoys.com/original/desktop/102538.jpg"
  },
  {
    "Vendor": "Mercedes-Benz",
    "Year": 2010,
    "Model": "GLK-Class",
    "ImagePath": "https://image.smythstoys.com/original/desktop/102538.jpg"
  },
  {
    "Vendor": "Lincoln",
    "Year": 1986,
    "Model": "Town Car",
    "ImagePath": "https://image.smythstoys.com/original/desktop/102538.jpg"
  },
  {
    "Vendor": "Porsche",
    "Year": 2010,
    "Model": "Panamera",
    "ImagePath": "https://image.smythstoys.com/original/desktop/102538.jpg"
  },
  {
    "Vendor": "Lincoln",
    "Year": 1990,
    "Model": "Continental Mark VII",
    "ImagePath": "https://image.smythstoys.com/original/desktop/102538.jpg"
  },
  {
    "Vendor": "BMW",
    "Year": 2010,
    "Model": "Z4",
    "ImagePath": "https://image.smythstoys.com/original/desktop/102538.jpg"
  },
  {
    "Vendor": "Lexus",
    "Year": 2011,
    "Model": "RX Hybrid",
    "ImagePath": "https://image.smythstoys.com/original/desktop/102538.jpg"
  }
]