[
  {
    "Vendor": "Mercury",
    "Year": 2011,
    "Model": "Grand Marquis",
    "ImagePath": "https://img.fruugo.com/product/1/51/178454511_max.jpg"
  },
  {
    "Vendor": "Dodge",
    "Year": 2011,
    "Model": "Avenger",
    "ImagePath": "https://img.fruugo.com/product/1/51/178454511_max.jpg"
  },
  {
    "Vendor": "Toyota",
    "Year": 2006,
    "Model": "Avalon",
    "ImagePath": "https://img.fruugo.com/product/1/51/178454511_max.jpg"
  },
  {
    "Vendor": "Lotus",
    "Year": 2006,
    "Model": "Exige",
    "ImagePath": "https://img.fruugo.com/product/1/51/178454511_max.jpg"
  },
  {
    "Vendor": "BMW",
    "Year": 2006,
    "Model": "M3",
    "ImagePath": "https://img.fruugo.com/product/1/51/178454511_max.jpg"
  },
  {
    "Vendor": "Pontiac",
    "Year": 1966,
    "Model": "Grand Prix",
    "ImagePath": "https://img.fruugo.com/product/1/51/178454511_max.jpg"
  },
  {
    "Vendor": "Chevrolet",
    "Year": 2000,
    "Model": "Tracker",
    "ImagePath": "https://img.fruugo.com/product/1/51/178454511_max.jpg"
  },
  {
    "Vendor": "Acura",
    "Year": 1996,
    "Model": "TL",
    "ImagePath": "https://img.fruugo.com/product/1/51/178454511_max.jpg"
  },
  {
    "Vendor": "Toyota",
    "Year": 1996,
    "Model": "4Runner",
    "ImagePath": "https://img.fruugo.com/product/1/51/178454511_max.jpg"
  },
  {
    "Vendor": "Mazda",
    "Year": 2010,
    "Model": "CX-7",
    "ImagePath": "https://img.fruugo.com/product/1/51/178454511_max.jpg"
  },
  {
    "Vendor": "Infiniti",
    "Year": 2006,
    "Model": "G35",
    "ImagePath": "https://img.fruugo.com/product/1/51/178454511_max.jpg"
  },
  {
    "Vendor": "Jeep",
    "Year": 2005,
    "Model": "Grand Cherokee",
    "ImagePath": "https://img.fruugo.com/product/1/51/178454511_max.jpg"
  },
  {
    "Vendor": "Volkswagen",
    "Year": 1985,
    "Model": "Jetta",
    "ImagePath": "https://img.fruugo.com/product/1/51/178454511_max.jpg"
  },
  {
    "Vendor": "Subaru",
    "Year": 2010,
    "Model": "Forester",
    "ImagePath": "https://img.fruugo.com/product/1/51/178454511_max.jpg"
  },
  {
    "Vendor": "Mercury",
    "Year": 1995,
    "Model": "Cougar",
    "ImagePath": "https://img.fruugo.com/product/1/51/178454511_max.jpg"
  },
  {
    "Vendor": "Dodge",
    "Year": 1997,
    "Model": "Ram 3500 Club",
    "ImagePath": "https://img.fruugo.com/product/1/51/178454511_max.jpg"
  },
  {
    "Vendor": "Volvo",
    "Year": 2010,
    "Model": "XC60",
    "ImagePath": "https://img.fruugo.com/product/1/51/178454511_max.jpg"
  },
  {
    "Vendor": "Mazda",
    "Year": 2004,
    "Model": "Miata MX-5",
    "ImagePath": "https://img.fruugo.com/product/1/51/178454511_max.jpg"
  },
  {
    "Vendor": "Volkswagen",
    "Year": 1993,
    "Model": "Corrado",
    "ImagePath": "https://img.fruugo.com/product/1/51/178454511_max.jpg"
  },
  {
    "Vendor": "Mazda",
    "Year": 1991,
    "Model": "Familia",
    "ImagePath": "https://img.fruugo.com/product/1/51/178454511_max.jpg"
  },
  {
    "Vendor": "Isuzu",
    "Year": 2000,
    "Model": "Trooper",
    "ImagePath": "https://img.fruugo.com/product/1/51/178454511_max.jpg"
  },
  {
    "Vendor": "Dodge",
    "Year": 2006,
    "Model": "Ram 3500",
    "ImagePath": "https://img.fruugo.com/product/1/51/178454511_max.jpg"
  },
  {
    "Vendor": "Dodge",
    "Year": 2009,
    "Model": "Ram 3500",
    "ImagePath": "https://img.fruugo.com/product/1/51/178454511_max.jpg"
  },
  {
    "Vendor": "Dodge",
    "Year": 2004,
    "Model": "Caravan",
    "ImagePath": "https://img.fruugo.com/product/1/51/178454511_max.jpg"
  },
  {
    "Vendor": "Cadillac",
    "Year": 1954,
    "Model": "Fleetwood",
    "ImagePath": "https://img.fruugo.com/product/1/51/178454511_max.jpg"
  },
  {
    "Vendor": "Volvo",
    "Year": 2000,
    "Model": "V40",
    "ImagePath": "https://img.fruugo.com/product/1/51/178454511_max.jpg"
  },
  {
    "Vendor": "Saturn",
    "Year": 2008,
    "Model": "VUE",
    "ImagePath": "https://img.fruugo.com/product/1/51/178454511_max.jpg"
  },
  {
    "Vendor": "Toyota",
    "Year": 1998,
    "Model": "Land Cruiser",
    "ImagePath": "https://img.fruugo.com/product/1/51/178454511_max.jpg"
  },
  {
    "Vendor": "Chevrolet",
    "Year": 2009,
    "Model": "Silverado",
    "ImagePath": "https://img.fruugo.com/product/1/51/178454511_max.jpg"
  },
  {
    "Vendor": "Honda",
    "Year": 2001,
    "Model": "Odyssey",
    "ImagePath": "https://img.fruugo.com/product/1/51/178454511_max.jpg"
  },
  {
    "Vendor": "Dodge",
    "Year": 1993,
    "Model": "Ram Van B150",
    "ImagePath": "https://img.fruugo.com/product/1/51/178454511_max.jpg"
  },
  {
    "Vendor": "Volkswagen",
    "Year": 1997,
    "Model": "Jetta",
    "ImagePath": "https://img.fruugo.com/product/1/51/178454511_max.jpg"
  },
  {
    "Vendor": "Dodge",
    "Year": 1969,
    "Model": "Charger",
    "ImagePath": "https://img.fruugo.com/product/1/51/178454511_max.jpg"
  },
  {
    "Vendor": "Toyota",
    "Year": 1996,
    "Model": "Supra",
    "ImagePath": "https://img.fruugo.com/product/1/51/178454511_max.jpg"
  },
  {
    "Vendor": "Mitsubishi",
    "Year": 1985,
    "Model": "Truck",
    "ImagePath": "https://img.fruugo.com/product/1/51/178454511_max.jpg"
  },
  {
    "Vendor": "Mercedes-Benz",
    "Year": 2008,
    "Model": "E-Class",
    "ImagePath": "https://img.fruugo.com/product/1/51/178454511_max.jpg"
  },
  {
    "Vendor": "BMW",
    "Year": 2001,
    "Model": "M3",
    "ImagePath": "https://img.fruugo.com/product/1/51/178454511_max.jpg"
  },
  {
    "Vendor": "Isuzu",
    "Year": 2008,
    "Model": "i-290",
    "ImagePath": "https://img.fruugo.com/product/1/51/178454511_max.jpg"
  },
  {
    "Vendor": "Infiniti",
    "Year": 2009,
    "Model": "FX",
    "ImagePath": "https://img.fruugo.com/product/1/51/178454511_max.jpg"
  },
  {
    "Vendor": "Dodge",
    "Year": 2001,
    "Model": "Viper",
    "ImagePath": "https://img.fruugo.com/product/1/51/178454511_max.jpg"
  },
  {
    "Vendor": "Kia",
    "Year": 2009,
    "Model": "Rio",
    "ImagePath": "https://img.fruugo.com/product/1/51/178454511_max.jpg"
  },
  {
    "Vendor": "Bentley",
    "Year": 2012,
    "Model": "Continental Super",
    "ImagePath": "https://img.fruugo.com/product/1/51/178454511_max.jpg"
  },
  {
    "Vendor": "Honda",
    "Year": 2007,
    "Model": "Ridgeline",
    "ImagePath": "https://img.fruugo.com/product/1/51/178454511_max.jpg"
  },
  {
    "Vendor": "Ford",
    "Year": 2010,
    "Model": "F-Series Super Duty",
    "ImagePath": "https://img.fruugo.com/product/1/51/178454511_max.jpg"
  },
  {
    "Vendor": "Mazda",
    "Year": 2007,
    "Model": "RX-8",
    "ImagePath": "https://img.fruugo.com/product/1/51/178454511_max.jpg"
  },
  {
    "Vendor": "Ford",
    "Year": 1990,
    "Model": "Festiva",
    "ImagePath": "https://img.fruugo.com/product/1/51/178454511_max.jpg"
  },
  {
    "Vendor": "Chevrolet",
    "Year": 2000,
    "Model": "Lumina",
    "ImagePath": "https://img.fruugo.com/product/1/51/178454511_max.jpg"
  },
  {
    "Vendor": "Rolls-Royce",
    "Year": 2007,
    "Model": "Phantom",
    "ImagePath": "https://img.fruugo.com/product/1/51/178454511_max.jpg"
  },
  {
    "Vendor": "Mazda",
    "Year": 2006,
    "Model": "MPV",
    "ImagePath": "https://img.fruugo.com/product/1/51/178454511_max.jpg"
  },
  {
    "Vendor": "Volvo",
    "Year": 1992,
    "Model": "960",
    "ImagePath": "https://img.fruugo.com/product/1/51/178454511_max.jpg"
  },
  {
    "Vendor": "Ford",
    "Year": 2006,
    "Model": "Taurus",
    "ImagePath": "https://img.fruugo.com/product/1/51/178454511_max.jpg"
  },
  {
    "Vendor": "Mazda",
    "Year": 1989,
    "Model": "MPV",
    "ImagePath": "https://img.fruugo.com/product/1/51/178454511_max.jpg"
  },
  {
    "Vendor": "Buick",
    "Year": 2000,
    "Model": "Park Avenue",
    "ImagePath": "https://img.fruugo.com/product/1/51/178454511_max.jpg"
  },
  {
    "Vendor": "Infiniti",
    "Year": 2004,
    "Model": "FX",
    "ImagePath": "https://img.fruugo.com/product/1/51/178454511_max.jpg"
  },
  {
    "Vendor": "Mercedes-Benz",
    "Year": 2011,
    "Model": "R-Class",
    "ImagePath": "https://img.fruugo.com/product/1/51/178454511_max.jpg"
  },
  {
    "Vendor": "Toyota",
    "Year": 2001,
    "Model": "MR2",
    "ImagePath": "https://img.fruugo.com/product/1/51/178454511_max.jpg"
  },
  {
    "Vendor": "Dodge",
    "Year": 2005,
    "Model": "Ram 3500",
    "ImagePath": "https://img.fruugo.com/product/1/51/178454511_max.jpg"
  },
  {
    "Vendor": "Pontiac",
    "Year": 1992,
    "Model": "Bonneville",
    "ImagePath": "https://img.fruugo.com/product/1/51/178454511_max.jpg"
  },
  {
    "Vendor": "Chevrolet",
    "Year": 1999,
    "Model": "Tracker",
    "ImagePath": "https://img.fruugo.com/product/1/51/178454511_max.jpg"
  },
  {
    "Vendor": "Mazda",
    "Year": 2011,
    "Model": "Tribute",
    "ImagePath": "https://img.fruugo.com/product/1/51/178454511_max.jpg"
  },
  {
    "Vendor": "Kia",
    "Year": 2011,
    "Model": "Optima",
    "ImagePath": "https://img.fruugo.com/product/1/51/178454511_max.jpg"
  },
  {
    "Vendor": "Mercury",
    "Year": 1988,
    "Model": "Cougar",
    "ImagePath": "https://img.fruugo.com/product/1/51/178454511_max.jpg"
  },
  {
    "Vendor": "Mitsubishi",
    "Year": 1996,
    "Model": "GTO",
    "ImagePath": "https://img.fruugo.com/product/1/51/178454511_max.jpg"
  },
  {
    "Vendor": "Pontiac",
    "Year": 1988,
    "Model": "Safari",
    "ImagePath": "https://img.fruugo.com/product/1/51/178454511_max.jpg"
  },
  {
    "Vendor": "BMW",
    "Year": 1999,
    "Model": "5 Series",
    "ImagePath": "https://img.fruugo.com/product/1/51/178454511_max.jpg"
  },
  {
    "Vendor": "BMW",
    "Year": 2005,
    "Model": "6 Series",
    "ImagePath": "https://img.fruugo.com/product/1/51/178454511_max.jpg"
  },
  {
    "Vendor": "Infiniti",
    "Year": 1996,
    "Model": "G",
    "ImagePath": "https://img.fruugo.com/product/1/51/178454511_max.jpg"
  },
  {
    "Vendor": "Lincoln",
    "Year": 2010,
    "Model": "MKT",
    "ImagePath": "https://img.fruugo.com/product/1/51/178454511_max.jpg"
  },
  {
    "Vendor": "Aston Martin",
    "Year": 2007,
    "Model": "DB9",
    "ImagePath": "https://img.fruugo.com/product/1/51/178454511_max.jpg"
  },
  {
    "Vendor": "Chevrolet",
    "Year": 2003,
    "Model": "Monte Carlo",
    "ImagePath": "https://img.fruugo.com/product/1/51/178454511_max.jpg"
  },
  {
    "Vendor": "Ford",
    "Year": 2012,
    "Model": "F350",
    "ImagePath": "https://img.fruugo.com/product/1/51/178454511_max.jpg"
  },
  {
    "Vendor": "Ford",
    "Year": 2002,
    "Model": "Expedition",
    "ImagePath": "https://img.fruugo.com/product/1/51/178454511_max.jpg"
  },
  {
    "Vendor": "Saturn",
    "Year": 2002,
    "Model": "S-Series",
    "ImagePath": "https://img.fruugo.com/product/1/51/178454511_max.jpg"
  },
  {
    "Vendor": "Mazda",
    "Year": 1997,
    "Model": "Millenia",
    "ImagePath": "https://img.fruugo.com/product/1/51/178454511_max.jpg"
  },
  {
    "Vendor": "Ford",
    "Year": 1996,
    "Model": "Escort",
    "ImagePath": "https://img.fruugo.com/product/1/51/178454511_max.jpg"
  },
  {
    "Vendor": "Aston Martin",
    "Year": 2007,
    "Model": "Vantage",
    "ImagePath": "https://img.fruugo.com/product/1/51/178454511_max.jpg"
  },
  {
    "Vendor": "Subaru",
    "Year": 1993,
    "Model": "Justy",
    "ImagePath": "https://img.fruugo.com/product/1/51/178454511_max.jpg"
  },
  {
    "Vendor": "Toyota",
    "Year": 2005,
    "Model": "Solara",
    "ImagePath": "https://img.fruugo.com/product/1/51/178454511_max.jpg"
  },
  {
    "Vendor": "Hummer",
    "Year": 2006,
    "Model": "H1",
    "ImagePath": "https://img.fruugo.com/product/1/51/178454511_max.jpg"
  },
  {
    "Vendor": "Volkswagen",
    "Year": 1996,
    "Model": "rio",
    "ImagePath": "https://img.fruugo.com/product/1/51/178454511_max.jpg"
  },
  {
    "Vendor": "Nissan",
    "Year": 2005,
    "Model": "350Z",
    "ImagePath": "https://img.fruugo.com/product/1/51/178454511_max.jpg"
  },
  {
    "Vendor": "Mitsubishi",
    "Year": 1994,
    "Model": "Precis",
    "ImagePath": "https://img.fruugo.com/product/1/51/178454511_max.jpg"
  },
  {
    "Vendor": "Maybach",
    "Year": 2006,
    "Model": "57",
    "ImagePath": "https://img.fruugo.com/product/1/51/178454511_max.jpg"
  },
  {
    "Vendor": "Saab",
    "Year": 2006,
    "Model": "9-7X",
    "ImagePath": "https://img.fruugo.com/product/1/51/178454511_max.jpg"
  },
  {
    "Vendor": "Maybach",
    "Year": 2011,
    "Model": "62",
    "ImagePath": "https://img.fruugo.com/product/1/51/178454511_max.jpg"
  },
  {
    "Vendor": "Scion",
    "Year": 2011,
    "Model": "xD",
    "ImagePath": "https://img.fruugo.com/product/1/51/178454511_max.jpg"
  },
  {
    "Vendor": "Kia",
    "Year": 2008,
    "Model": "Sorento",
    "ImagePath": "https://img.fruugo.com/product/1/51/178454511_max.jpg"
  },
  {
    "Vendor": "Infiniti",
    "Year": 2011,
    "Model": "EX",
    "ImagePath": "https://img.fruugo.com/product/1/51/178454511_max.jpg"
  },
  {
    "Vendor": "BMW",
    "Year": 2002,
    "Model": "5 Series",
    "ImagePath": "https://img.fruugo.com/product/1/51/178454511_max.jpg"
  },
  {
    "Vendor": "Jaguar",
    "Year": 2000,
    "Model": "XJ Series",
    "ImagePath": "https://img.fruugo.com/product/1/51/178454511_max.jpg"
  },
  {
    "Vendor": "Ford",
    "Year": 2009,
    "Model": "GT500",
    "ImagePath": "https://img.fruugo.com/product/1/51/178454511_max.jpg"
  },
  {
    "Vendor": "Volvo",
    "Year": 2008,
    "Model": "XC70",
    "ImagePath": "https://img.fruugo.com/product/1/51/178454511_max.jpg"
  },
  {
    "Vendor": "Lotus",
    "Year": 1992,
    "Model": "Esprit",
    "ImagePath": "https://img.fruugo.com/product/1/51/178454511_max.jpg"
  },
  {
    "Vendor": "Lincoln",
    "Year": 2001,
    "Model": "Navigator",
    "ImagePath": "https://img.fruugo.com/product/1/51/178454511_max.jpg"
  },
  {
    "Vendor": "Chevrolet",
    "Year": 1995,
    "Model": "G-Series G10",
    "ImagePath": "https://img.fruugo.com/product/1/51/178454511_max.jpg"
  },
  {
    "Vendor": "GMC",
    "Year": 2006,
    "Model": "Sierra Hybrid",
    "ImagePath": "https://img.fruugo.com/product/1/51/178454511_max.jpg"
  },
  {
    "Vendor": "Ford",
    "Year": 2012,
    "Model": "Flex",
    "ImagePath": "https://img.fruugo.com/product/1/51/178454511_max.jpg"
  },
  {
    "Vendor": "Maybach",
    "Year": 2008,
    "Model": "57",
    "ImagePath": "https://img.fruugo.com/product/1/51/178454511_max.jpg"
  },
  {
    "Vendor": "Dodge",
    "Year": 2003,
    "Model": "Stratus",
    "ImagePath": "https://img.fruugo.com/product/1/51/178454511_max.jpg"
  },
  {
    "Vendor": "Chevrolet",
    "Year": 1995,
    "Model": "Caprice",
    "ImagePath": "https://img.fruugo.com/product/1/51/178454511_max.jpg"
  },
  {
    "Vendor": "Chevrolet",
    "Year": 2004,
    "Model": "Tahoe",
    "ImagePath": "https://img.fruugo.com/product/1/51/178454511_max.jpg"
  },
  {
    "Vendor": "Chevrolet",
    "Year": 2005,
    "Model": "Tahoe",
    "ImagePath": "https://img.fruugo.com/product/1/51/178454511_max.jpg"
  },
  {
    "Vendor": "Eagle",
    "Year": 1995,
    "Model": "Talon",
    "ImagePath": "https://img.fruugo.com/product/1/51/178454511_max.jpg"
  },
  {
    "Vendor": "Volvo",
    "Year": 2005,
    "Model": "S80",
    "ImagePath": "https://img.fruugo.com/product/1/51/178454511_max.jpg"
  },
  {
    "Vendor": "Honda",
    "Year": 1985,
    "Model": "CR-X",
    "ImagePath": "https://img.fruugo.com/product/1/51/178454511_max.jpg"
  },
  {
    "Vendor": "Dodge",
    "Year": 2010,
    "Model": "Dakota",
    "ImagePath": "https://img.fruugo.com/product/1/51/178454511_max.jpg"
  },
  {
    "Vendor": "Pontiac",
    "Year": 1988,
    "Model": "LeMans",
    "ImagePath": "https://img.fruugo.com/product/1/51/178454511_max.jpg"
  },
  {
    "Vendor": "Pontiac",
    "Year": 2006,
    "Model": "GTO",
    "ImagePath": "https://img.fruugo.com/product/1/51/178454511_max.jpg"
  },
  {
    "Vendor": "Buick",
    "Year": 2003,
    "Model": "Park Avenue",
    "ImagePath": "https://img.fruugo.com/product/1/51/178454511_max.jpg"
  },
  {
    "Vendor": "Mitsubishi",
    "Year": 1993,
    "Model": "Precis",
    "ImagePath": "https://img.fruugo.com/product/1/51/178454511_max.jpg"
  },
  {
    "Vendor": "Chevrolet",
    "Year": 2002,
    "Model": "Express 2500",
    "ImagePath": "https://img.fruugo.com/product/1/51/178454511_max.jpg"
  },
  {
    "Vendor": "GMC",
    "Year": 2002,
    "Model": "Yukon XL 2500",
    "ImagePath": "https://img.fruugo.com/product/1/51/178454511_max.jpg"
  },
  {
    "Vendor": "Toyota",
    "Year": 2004,
    "Model": "Matrix",
    "ImagePath": "https://img.fruugo.com/product/1/51/178454511_max.jpg"
  },
  {
    "Vendor": "Mazda",
    "Year": 2012,
    "Model": "MX-5",
    "ImagePath": "https://img.fruugo.com/product/1/51/178454511_max.jpg"
  },
  {
    "Vendor": "Audi",
    "Year": 1993,
    "Model": "S4",
    "ImagePath": "https://img.fruugo.com/product/1/51/178454511_max.jpg"
  },
  {
    "Vendor": "Chrysler",
    "Year": 2006,
    "Model": "Sebring",
    "ImagePath": "https://img.fruugo.com/product/1/51/178454511_max.jpg"
  },
  {
    "Vendor": "Mitsubishi",
    "Year": 1990,
    "Model": "Sigma",
    "ImagePath": "https://img.fruugo.com/product/1/51/178454511_max.jpg"
  },
  {
    "Vendor": "Bentley",
    "Year": 2012,
    "Model": "Mulsanne",
    "ImagePath": "https://img.fruugo.com/product/1/51/178454511_max.jpg"
  },
  {
    "Vendor": "GMC",
    "Year": 2002,
    "Model": "Sierra 3500",
    "ImagePath": "https://img.fruugo.com/product/1/51/178454511_max.jpg"
  },
  {
    "Vendor": "Tesla",
    "Year": 2012,
    "Model": "Roadster",
    "ImagePath": "https://img.fruugo.com/product/1/51/178454511_max.jpg"
  },
  {
    "Vendor": "Lincoln",
    "Year": 1995,
    "Model": "Mark VIII",
    "ImagePath": "https://img.fruugo.com/product/1/51/178454511_max.jpg"
  },
  {
    "Vendor": "Land Rover",
    "Year": 2005,
    "Model": "Discovery",
    "ImagePath": "https://img.fruugo.com/product/1/51/178454511_max.jpg"
  },
  {
    "Vendor": "Ferrari",
    "Year": 2012,
    "Model": "458 Italia",
    "ImagePath": "https://img.fruugo.com/product/1/51/178454511_max.jpg"
  },
  {
    "Vendor": "Buick",
    "Year": 1995,
    "Model": "LeSabre",
    "ImagePath": "https://img.fruugo.com/product/1/51/178454511_max.jpg"
  },
  {
    "Vendor": "Buick",
    "Year": 2000,
    "Model": "LeSabre",
    "ImagePath": "https://img.fruugo.com/product/1/51/178454511_max.jpg"
  },
  {
    "Vendor": "Cadillac",
    "Year": 2012,
    "Model": "Escalade ESV",
    "ImagePath": "https://img.fruugo.com/product/1/51/178454511_max.jpg"
  },
  {
    "Vendor": "Mitsubishi",
    "Year": 2010,
    "Model": "Lancer",
    "ImagePath": "https://img.fruugo.com/product/1/51/178454511_max.jpg"
  },
  {
    "Vendor": "Mitsubishi",
    "Year": 2009,
    "Model": "Eclipse",
    "ImagePath": "https://img.fruugo.com/product/1/51/178454511_max.jpg"
  },
  {
    "Vendor": "Subaru",
    "Year": 1993,
    "Model": "SVX",
    "ImagePath": "https://img.fruugo.com/product/1/51/178454511_max.jpg"
  },
  {
    "Vendor": "Toyota",
    "Year": 2003,
    "Model": "Echo",
    "ImagePath": "https://img.fruugo.com/product/1/51/178454511_max.jpg"
  },
  {
    "Vendor": "Subaru",
    "Year": 2011,
    "Model": "Tribeca",
    "ImagePath": "https://img.fruugo.com/product/1/51/178454511_max.jpg"
  },
  {
    "Vendor": "Acura",
    "Year": 2008,
    "Model": "RDX",
    "ImagePath": "https://img.fruugo.com/product/1/51/178454511_max.jpg"
  },
  {
    "Vendor": "Isuzu",
    "Year": 1998,
    "Model": "Hombre Space",
    "ImagePath": "https://img.fruugo.com/product/1/51/178454511_max.jpg"
  },
  {
    "Vendor": "Dodge",
    "Year": 1995,
    "Model": "Spirit",
    "ImagePath": "https://img.fruugo.com/product/1/51/178454511_max.jpg"
  },
  {
    "Vendor": "Dodge",
    "Year": 2008,
    "Model": "Nitro",
    "ImagePath": "https://img.fruugo.com/product/1/51/178454511_max.jpg"
  },
  {
    "Vendor": "Honda",
    "Year": 2006,
    "Model": "CR-V",
    "ImagePath": "https://img.fruugo.com/product/1/51/178454511_max.jpg"
  },
  {
    "Vendor": "Volkswagen",
    "Year": 2001,
    "Model": "Jetta",
    "ImagePath": "https://img.fruugo.com/product/1/51/178454511_max.jpg"
  },
  {
    "Vendor": "Buick",
    "Year": 1999,
    "Model": "LeSabre",
    "ImagePath": "https://img.fruugo.com/product/1/51/178454511_max.jpg"
  },
  {
    "Vendor": "Volvo",
    "Year": 1992,
    "Model": "240",
    "ImagePath": "https://img.fruugo.com/product/1/51/178454511_max.jpg"
  },
  {
    "Vendor": "Lotus",
    "Year": 2003,
    "Model": "Esprit",
    "ImagePath": "https://img.fruugo.com/product/1/51/178454511_max.jpg"
  },
  {
    "Vendor": "Ford",
    "Year": 2011,
    "Model": "E-Series",
    "ImagePath": "https://img.fruugo.com/product/1/51/178454511_max.jpg"
  },
  {
    "Vendor": "Maserati",
    "Year": 2006,
    "Model": "Gran Sport",
    "ImagePath": "https://img.fruugo.com/product/1/51/178454511_max.jpg"
  },
  {
    "Vendor": "Pontiac",
    "Year": 1993,
    "Model": "Firebird",
    "ImagePath": "https://img.fruugo.com/product/1/51/178454511_max.jpg"
  },
  {
    "Vendor": "BMW",
    "Year": 2012,
    "Model": "X5 M",
    "ImagePath": "https://img.fruugo.com/product/1/51/178454511_max.jpg"
  },
  {
    "Vendor": "Mercury",
    "Year": 1996,
    "Model": "Sable",
    "ImagePath": "https://img.fruugo.com/product/1/51/178454511_max.jpg"
  },
  {
    "Vendor": "Alfa Romeo",
    "Year": 1994,
    "Model": "164",
    "ImagePath": "https://img.fruugo.com/product/1/51/178454511_max.jpg"
  },
  {
    "Vendor": "Volkswagen",
    "Year": 2002,
    "Model": "Jetta",
    "ImagePath": "https://img.fruugo.com/product/1/51/178454511_max.jpg"
  },
  {
    "Vendor": "Kia",
    "Year": 2005,
    "Model": "Sportage",
    "ImagePath": "https://img.fruugo.com/product/1/51/178454511_max.jpg"
  },
  {
    "Vendor": "Mercury",
    "Year": 1985,
    "Model": "Cougar",
    "ImagePath": "https://img.fruugo.com/product/1/51/178454511_max.jpg"
  },
  {
    "Vendor": "Volvo",
    "Year": 2003,
    "Model": "C70",
    "ImagePath": "https://img.fruugo.com/product/1/51/178454511_max.jpg"
  },
  {
    "Vendor": "Toyota",
    "Year": 2003,
    "Model": "Solara",
    "ImagePath": "https://img.fruugo.com/product/1/51/178454511_max.jpg"
  },
  {
    "Vendor": "Lexus",
    "Year": 1999,
    "Model": "LX",
    "ImagePath": "https://img.fruugo.com/product/1/51/178454511_max.jpg"
  },
  {
    "Vendor": "Ford",
    "Year": 1993,
    "Model": "Escort",
    "ImagePath": "https://img.fruugo.com/product/1/51/178454511_max.jpg"
  },
  {
    "Vendor": "Saab",
    "Year": 1987,
    "Model": "900",
    "ImagePath": "https://img.fruugo.com/product/1/51/178454511_max.jpg"
  },
  {
    "Vendor": "Cadillac",
    "Year": 1994,
    "Model": "DeVille",
    "ImagePath": "https://img.fruugo.com/product/1/51/178454511_max.jpg"
  },
  {
    "Vendor": "Maserati",
    "Year": 2002,
    "Model": "Spyder",
    "ImagePath": "https://img.fruugo.com/product/1/51/178454511_max.jpg"
  },
  {
    "Vendor": "Subaru",
    "Year": 1991,
    "Model": "XT",
    "ImagePath": "https://img.fruugo.com/product/1/51/178454511_max.jpg"
  },
  {
    "Vendor": "Chevrolet",
    "Year": 1996,
    "Model": "Lumina",
    "ImagePath": "https://img.fruugo.com/product/1/51/178454511_max.jpg"
  },
  {
    "Vendor": "Holden",
    "Year": 2004,
    "Model": "Monaro",
    "ImagePath": "https://img.fruugo.com/product/1/51/178454511_max.jpg"
  },
  {
    "Vendor": "Toyota",
    "Year": 2010,
    "Model": "Tundra",
    "ImagePath": "https://img.fruugo.com/product/1/51/178454511_max.jpg"
  },
  {
    "Vendor": "Dodge",
    "Year": 1992,
    "Model": "D250",
    "ImagePath": "https://img.fruugo.com/product/1/51/178454511_max.jpg"
  },
  {
    "Vendor": "Ford",
    "Year": 1993,
    "Model": "Taurus",
    "ImagePath": "https://img.fruugo.com/product/1/51/178454511_max.jpg"
  },
  {
    "Vendor": "Ford",
    "Year": 2004,
    "Model": "Focus",
    "ImagePath": "https://img.fruugo.com/product/1/51/178454511_max.jpg"
  },
  {
    "Vendor": "Nissan",
    "Year": 1996,
    "Model": "200SX",
    "ImagePath": "https://img.fruugo.com/product/1/51/178454511_max.jpg"
  },
  {
    "Vendor": "Toyota",
    "Year": 2006,
    "Model": "RAV4",
    "ImagePath": "https://img.fruugo.com/product/1/51/178454511_max.jpg"
  },
  {
    "Vendor": "GMC",
    "Year": 1995,
    "Model": "Rally Wagon G2500",
    "ImagePath": "https://img.fruugo.com/product/1/51/178454511_max.jpg"
  },
  {
    "Vendor": "Land Rover",
    "Year": 1995,
    "Model": "Discovery",
    "ImagePath": "https://img.fruugo.com/product/1/51/178454511_max.jpg"
  },
  {
    "Vendor": "Mazda",
    "Year": 1991,
    "Model": "MPV",
    "ImagePath": "https://img.fruugo.com/product/1/51/178454511_max.jpg"
  },
  {
    "Vendor": "Mazda",
    "Year": 1999,
    "Model": "Miata MX-5",
    "ImagePath": "https://img.fruugo.com/product/1/51/178454511_max.jpg"
  },
  {
    "Vendor": "Plymouth",
    "Year": 1993,
    "Model": "Sundance",
    "ImagePath": "https://img.fruugo.com/product/1/51/178454511_max.jpg"
  },
  {
    "Vendor": "Mercedes-Benz",
    "Year": 2012,
    "Model": "Sprinter 3500",
    "ImagePath": "https://img.fruugo.com/product/1/51/178454511_max.jpg"
  },
  {
    "Vendor": "Mitsubishi",
    "Year": 1996,
    "Model": "Truck",
    "ImagePath": "https://img.fruugo.com/product/1/51/178454511_max.jpg"
  },
  {
    "Vendor": "Rolls-Royce",
    "Year": 2012,
    "Model": "Ghost",
    "ImagePath": "https://img.fruugo.com/product/1/51/178454511_max.jpg"
  },
  {
    "Vendor": "Mitsubishi",
    "Year": 2010,
    "Model": "Outlander",
    "ImagePath": "https://img.fruugo.com/product/1/51/178454511_max.jpg"
  },
  {
    "Vendor": "Buick",
    "Year": 1993,
    "Model": "Century",
    "ImagePath": "https://img.fruugo.com/product/1/51/178454511_max.jpg"
  },
  {
    "Vendor": "GMC",
    "Year": 1994,
    "Model": "2500",
    "ImagePath": "https://img.fruugo.com/product/1/51/178454511_max.jpg"
  },
  {
    "Vendor": "Buick",
    "Year": 2005,
    "Model": "Terraza",
    "ImagePath": "https://img.fruugo.com/product/1/51/178454511_max.jpg"
  },
  {
    "Vendor": "Ford",
    "Year": 2005,
    "Model": "Taurus",
    "ImagePath": "https://img.fruugo.com/product/1/51/178454511_max.jpg"
  },
  {
    "Vendor": "Chrysler",
    "Year": 2004,
    "Model": "Concorde",
    "ImagePath": "https://img.fruugo.com/product/1/51/178454511_max.jpg"
  },
  {
    "Vendor": "Volkswagen",
    "Year": 2011,
    "Model": "Golf",
    "ImagePath": "https://img.fruugo.com/product/1/51/178454511_max.jpg"
  },
  {
    "Vendor": "Nissan",
    "Year": 2006,
    "Model": "350Z",
    "ImagePath": "https://img.fruugo.com/product/1/51/178454511_max.jpg"
  },
  {
    "Vendor": "Chevrolet",
    "Year": 2006,
    "Model": "Impala",
    "ImagePath": "https://img.fruugo.com/product/1/51/178454511_max.jpg"
  },
  {
    "Vendor": "Volkswagen",
    "Year": 1988,
    "Model": "Type 2",
    "ImagePath": "https://img.fruugo.com/product/1/51/178454511_max.jpg"
  },
  {
    "Vendor": "Toyota",
    "Year": 2011,
    "Model": "Highlander",
    "ImagePath": "https://img.fruugo.com/product/1/51/178454511_max.jpg"
  },
  {
    "Vendor": "Subaru",
    "Year": 1987,
    "Model": "Justy",
    "ImagePath": "https://img.fruugo.com/product/1/51/178454511_max.jpg"
  },
  {
    "Vendor": "Dodge",
    "Year": 2001,
    "Model": "Grand Caravan",
    "ImagePath": "https://img.fruugo.com/product/1/51/178454511_max.jpg"
  },
  {
    "Vendor": "Mercury",
    "Year": 1993,
    "Model": "Tracer",
    "ImagePath": "https://img.fruugo.com/product/1/51/178454511_max.jpg"
  },
  {
    "Vendor": "Volkswagen",
    "Year": 1991,
    "Model": "Passat",
    "ImagePath": "https://img.fruugo.com/product/1/51/178454511_max.jpg"
  },
  {
    "Vendor": "Chevrolet",
    "Year": 2005,
    "Model": "Silverado 1500",
    "ImagePath": "https://img.fruugo.com/product/1/51/178454511_max.jpg"
  },
  {
    "Vendor": "GMC",
    "Year": 2009,
    "Model": "Canyon",
    "ImagePath": "https://img.fruugo.com/product/1/51/178454511_max.jpg"
  },
  {
    "Vendor": "Ford",
    "Year": 1985,
    "Model": "EXP",
    "ImagePath": "https://img.fruugo.com/product/1/51/178454511_max.jpg"
  },
  {
    "Vendor": "Toyota",
    "Year": 2006,
    "Model": "Corolla",
    "ImagePath": "https://img.fruugo.com/product/1/51/178454511_max.jpg"
  },
  {
    "Vendor": "Mercury",
    "Year": 1984,
    "Model": "Cougar",
    "ImagePath": "https://img.fruugo.com/product/1/51/178454511_max.jpg"
  },
  {
    "Vendor": "Acura",
    "Year": 2005,
    "Model": "TSX",
    "ImagePath": "https://img.fruugo.com/product/1/51/178454511_max.jpg"
  },
  {
    "Vendor": "Buick",
    "Year": 1995,
    "Model": "Park Avenue",
    "ImagePath": "https://img.fruugo.com/product/1/51/178454511_max.jpg"
  },
  {
    "Vendor": "Lexus",
    "Year": 2003,
    "Model": "LX",
    "ImagePath": "https://img.fruugo.com/product/1/51/178454511_max.jpg"
  },
  {
    "Vendor": "Ford",
    "Year": 1994,
    "Model": "Ranger",
    "ImagePath": "https://img.fruugo.com/product/1/51/178454511_max.jpg"
  },
  {
    "Vendor": "Mercedes-Benz",
    "Year": 2011,
    "Model": "Sprinter 2500",
    "ImagePath": "https://img.fruugo.com/product/1/51/178454511_max.jpg"
  },
  {
    "Vendor": "GMC",
    "Year": 2004,
    "Model": "Sierra 1500",
    "ImagePath": "https://img.fruugo.com/product/1/51/178454511_max.jpg"
  },
  {
    "Vendor": "Pontiac",
    "Year": 1966,
    "Model": "Bonneville",
    "ImagePath": "https://img.fruugo.com/product/1/51/178454511_max.jpg"
  },
  {
    "Vendor": "Ford",
    "Year": 1992,
    "Model": "Mustang",
    "ImagePath": "https://img.fruugo.com/product/1/51/178454511_max.jpg"
  },
  {
    "Vendor": "Subaru",
    "Year": 1984,
    "Model": "Brat",
    "ImagePath": "https://img.fruugo.com/product/1/51/178454511_max.jpg"
  },
  {
    "Vendor": "Spyker",
    "Year": 2006,
    "Model": "C8 Double 12 S",
    "ImagePath": "https://img.fruugo.com/product/1/51/178454511_max.jpg"
  },
  {
    "Vendor": "Mazda",
    "Year": 1987,
    "Model": "929",
    "ImagePath": "https://img.fruugo.com/product/1/51/178454511_max.jpg"
  },
  {
    "Vendor": "Honda",
    "Year": 2000,
    "Model": "CR-V",
    "ImagePath": "https://img.fruugo.com/product/1/51/178454511_max.jpg"
  },
  {
    "Vendor": "Mitsubishi",
    "Year": 1992,
    "Model": "RVR",
    "ImagePath": "https://img.fruugo.com/product/1/51/178454511_max.jpg"
  },
  {
    "Vendor": "Lincoln",
    "Year": 1984,
    "Model": "Continental",
    "ImagePath": "https://img.fruugo.com/product/1/51/178454511_max.jpg"
  },
  {
    "Vendor": "Acura",
    "Year": 2001,
    "Model": "Integra",
    "ImagePath": "https://img.fruugo.com/product/1/51/178454511_max.jpg"
  },
  {
    "Vendor": "Jaguar",
    "Year": 2006,
    "Model": "X-Type",
    "ImagePath": "https://img.fruugo.com/product/1/51/178454511_max.jpg"
  },
  {
    "Vendor": "Toyota",
    "Year": 1997,
    "Model": "Supra",
    "ImagePath": "https://img.fruugo.com/product/1/51/178454511_max.jpg"
  },
  {
    "Vendor": "Pontiac",
    "Year": 1980,
    "Model": "Grand Prix",
    "ImagePath": "https://img.fruugo.com/product/1/51/178454511_max.jpg"
  },
  {
    "Vendor": "GMC",
    "Year": 2009,
    "Model": "Yukon",
    "ImagePath": "https://img.fruugo.com/product/1/51/178454511_max.jpg"
  },
  {
    "Vendor": "Chevrolet",
    "Year": 1997,
    "Model": "2500",
    "ImagePath": "https://img.fruugo.com/product/1/51/178454511_max.jpg"
  },
  {
    "Vendor": "BMW",
    "Year": 1998,
    "Model": "7 Series",
    "ImagePath": "https://img.fruugo.com/product/1/51/178454511_max.jpg"
  },
  {
    "Vendor": "Audi",
    "Year": 2001,
    "Model": "Allroad",
    "ImagePath": "https://img.fruugo.com/product/1/51/178454511_max.jpg"
  },
  {
    "Vendor": "Kia",
    "Year": 2003,
    "Model": "Sedona",
    "ImagePath": "https://img.fruugo.com/product/1/51/178454511_max.jpg"
  },
  {
    "Vendor": "Lincoln",
    "Year": 2006,
    "Model": "Town Car",
    "ImagePath": "https://img.fruugo.com/product/1/51/178454511_max.jpg"
  },
  {
    "Vendor": "Mercedes-Benz",
    "Year": 1993,
    "Model": "500SL",
    "ImagePath": "https://img.fruugo.com/product/1/51/178454511_max.jpg"
  },
  {
    "Vendor": "Mercedes-Benz",
    "Year": 2000,
    "Model": "SL-Class",
    "ImagePath": "https://img.fruugo.com/product/1/51/178454511_max.jpg"
  },
  {
    "Vendor": "Hyundai",
    "Year": 1999,
    "Model": "Sonata",
    "ImagePath": "https://img.fruugo.com/product/1/51/178454511_max.jpg"
  },
  {
    "Vendor": "Isuzu",
    "Year": 1995,
    "Model": "Trooper",
    "ImagePath": "https://img.fruugo.com/product/1/51/178454511_max.jpg"
  },
  {
    "Vendor": "Pontiac",
    "Year": 2004,
    "Model": "Grand Am",
    "ImagePath": "https://img.fruugo.com/product/1/51/178454511_max.jpg"
  },
  {
    "Vendor": "Hyundai",
    "Year": 2001,
    "Model": "Accent",
    "ImagePath": "https://img.fruugo.com/product/1/51/178454511_max.jpg"
  },
  {
    "Vendor": "Suzuki",
    "Year": 2002,
    "Model": "Esteem",
    "ImagePath": "https://img.fruugo.com/product/1/51/178454511_max.jpg"
  },
  {
    "Vendor": "GMC",
    "Year": 1993,
    "Model": "Suburban 1500",
    "ImagePath": "https://img.fruugo.com/product/1/51/178454511_max.jpg"
  },
  {
    "Vendor": "Mitsubishi",
    "Year": 2000,
    "Model": "Montero",
    "ImagePath": "https://img.fruugo.com/product/1/51/178454511_max.jpg"
  },
  {
    "Vendor": "Volvo",
    "Year": 2007,
    "Model": "XC70",
    "ImagePath": "https://img.fruugo.com/product/1/51/178454511_max.jpg"
  },
  {
    "Vendor": "GMC",
    "Year": 2008,
    "Model": "Yukon XL 2500",
    "ImagePath": "https://img.fruugo.com/product/1/51/178454511_max.jpg"
  },
  {
    "Vendor": "Chevrolet",
    "Year": 2003,
    "Model": "Silverado 3500",
    "ImagePath": "https://img.fruugo.com/product/1/51/178454511_max.jpg"
  },
  {
    "Vendor": "Chevrolet",
    "Year": 2008,
    "Model": "Express 3500",
    "ImagePath": "https://img.fruugo.com/product/1/51/178454511_max.jpg"
  },
  {
    "Vendor": "BMW",
    "Year": 2001,
    "Model": "Z3",
    "ImagePath": "https://img.fruugo.com/product/1/51/178454511_max.jpg"
  },
  {
    "Vendor": "Mercedes-Benz",
    "Year": 2011,
    "Model": "G-Class",
    "ImagePath": "https://img.fruugo.com/product/1/51/178454511_max.jpg"
  },
  {
    "Vendor": "Maybach",
    "Year": 2006,
    "Model": "62",
    "ImagePath": "https://img.fruugo.com/product/1/51/178454511_max.jpg"
  },
  {
    "Vendor": "Lincoln",
    "Year": 1992,
    "Model": "Town Car",
    "ImagePath": "https://img.fruugo.com/product/1/51/178454511_max.jpg"
  },
  {
    "Vendor": "Nissan",
    "Year": 1995,
    "Model": "240SX",
    "ImagePath": "https://img.fruugo.com/product/1/51/178454511_max.jpg"
  },
  {
    "Vendor": "BMW",
    "Year": 2006,
    "Model": "M6",
    "ImagePath": "https://img.fruugo.com/product/1/51/178454511_max.jpg"
  },
  {
    "Vendor": "Mercury",
    "Year": 1999,
    "Model": "Mystique",
    "ImagePath": "https://img.fruugo.com/product/1/51/178454511_max.jpg"
  },
  {
    "Vendor": "Nissan",
    "Year": 1993,
    "Model": "300ZX",
    "ImagePath": "https://img.fruugo.com/product/1/51/178454511_max.jpg"
  },
  {
    "Vendor": "Honda",
    "Year": 2003,
    "Model": "S2000",
    "ImagePath": "https://img.fruugo.com/product/1/51/178454511_max.jpg"
  },
  {
    "Vendor": "Toyota",
    "Year": 1984,
    "Model": "Celica",
    "ImagePath": "https://img.fruugo.com/product/1/51/178454511_max.jpg"
  },
  {
    "Vendor": "Chevrolet",
    "Year": 1993,
    "Model": "3500",
    "ImagePath": "https://img.fruugo.com/product/1/51/178454511_max.jpg"
  },
  {
    "Vendor": "Pontiac",
    "Year": 1991,
    "Model": "Bonneville",
    "ImagePath": "https://img.fruugo.com/product/1/51/178454511_max.jpg"
  },
  {
    "Vendor": "Audi",
    "Year": 2003,
    "Model": "A8",
    "ImagePath": "https://img.fruugo.com/product/1/51/178454511_max.jpg"
  },
  {
    "Vendor": "Pontiac",
    "Year": 2003,
    "Model": "Aztek",
    "ImagePath": "https://img.fruugo.com/product/1/51/178454511_max.jpg"
  },
  {
    "Vendor": "Maserati",
    "Year": 1990,
    "Model": "Karif",
    "ImagePath": "https://img.fruugo.com/product/1/51/178454511_max.jpg"
  },
  {
    "Vendor": "Ram",
    "Year": 2011,
    "Model": "Dakota",
    "ImagePath": "https://img.fruugo.com/product/1/51/178454511_max.jpg"
  },
  {
    "Vendor": "Lincoln",
    "Year": 1997,
    "Model": "Mark VIII",
    "ImagePath": "https://img.fruugo.com/product/1/51/178454511_max.jpg"
  },
  {
    "Vendor": "Land Rover",
    "Year": 1991,
    "Model": "Range Rover",
    "ImagePath": "https://img.fruugo.com/product/1/51/178454511_max.jpg"
  },
  {
    "Vendor": "Nissan",
    "Year": 1993,
    "Model": "Quest",
    "ImagePath": "https://img.fruugo.com/product/1/51/178454511_max.jpg"
  },
  {
    "Vendor": "Ford",
    "Year": 1992,
    "Model": "F350",
    "ImagePath": "https://img.fruugo.com/product/1/51/178454511_max.jpg"
  },
  {
    "Vendor": "Ford",
    "Year": 2008,
    "Model": "Crown Victoria",
    "ImagePath": "https://img.fruugo.com/product/1/51/178454511_max.jpg"
  },
  {
    "Vendor": "Dodge",
    "Year": 1995,
    "Model": "Neon",
    "ImagePath": "https://img.fruugo.com/product/1/51/178454511_max.jpg"
  },
  {
    "Vendor": "Lotus",
    "Year": 1984,
    "Model": "Esprit Turbo",
    "ImagePath": "https://img.fruugo.com/product/1/51/178454511_max.jpg"
  },
  {
    "Vendor": "Buick",
    "Year": 1988,
    "Model": "Skylark",
    "ImagePath": "https://img.fruugo.com/product/1/51/178454511_max.jpg"
  },
  {
    "Vendor": "Pontiac",
    "Year": 1962,
    "Model": "Grand Prix",
    "ImagePath": "https://img.fruugo.com/product/1/51/178454511_max.jpg"
  },
  {
    "Vendor": "Ford",
    "Year": 2002,
    "Model": "E-Series",
    "ImagePath": "https://img.fruugo.com/product/1/51/178454511_max.jpg"
  },
  {
    "Vendor": "GMC",
    "Year": 1998,
    "Model": "Sonoma",
    "ImagePath": "https://img.fruugo.com/product/1/51/178454511_max.jpg"
  },
  {
    "Vendor": "Nissan",
    "Year": 2010,
    "Model": "Rogue",
    "ImagePath": "https://img.fruugo.com/product/1/51/178454511_max.jpg"
  },
  {
    "Vendor": "Kia",
    "Year": 2005,
    "Model": "Rio",
    "ImagePath": "https://img.fruugo.com/product/1/51/178454511_max.jpg"
  },
  {
    "Vendor": "Suzuki",
    "Year": 1998,
    "Model": "Esteem",
    "ImagePath": "https://img.fruugo.com/product/1/51/178454511_max.jpg"
  },
  {
    "Vendor": "Ford",
    "Year": 1992,
    "Model": "F350",
    "ImagePath": "https://img.fruugo.com/product/1/51/178454511_max.jpg"
  },
  {
    "Vendor": "Volkswagen",
    "Year": 2009,
    "Model": "New Beetle",
    "ImagePath": "https://img.fruugo.com/product/1/51/178454511_max.jpg"
  },
  {
    "Vendor": "Kia",
    "Year": 2008,
    "Model": "Amanti",
    "ImagePath": "https://img.fruugo.com/product/1/51/178454511_max.jpg"
  },
  {
    "Vendor": "Kia",
    "Year": 2008,
    "Model": "Rio5",
    "ImagePath": "https://img.fruugo.com/product/1/51/178454511_max.jpg"
  },
  {
    "Vendor": "Suzuki",
    "Year": 1986,
    "Model": "SJ 410",
    "ImagePath": "https://img.fruugo.com/product/1/51/178454511_max.jpg"
  },
  {
    "Vendor": "Nissan",
    "Year": 2007,
    "Model": "Versa",
    "ImagePath": "https://img.fruugo.com/product/1/51/178454511_max.jpg"
  },
  {
    "Vendor": "Chevrolet",
    "Year": 1978,
    "Model": "Corvette",
    "ImagePath": "https://img.fruugo.com/product/1/51/178454511_max.jpg"
  },
  {
    "Vendor": "Pontiac",
    "Year": 2005,
    "Model": "Vibe",
    "ImagePath": "https://img.fruugo.com/product/1/51/178454511_max.jpg"
  },
  {
    "Vendor": "Honda",
    "Year": 2008,
    "Model": "Civic",
    "ImagePath": "https://img.fruugo.com/product/1/51/178454511_max.jpg"
  },
  {
    "Vendor": "Land Rover",
    "Year": 2001,
    "Model": "Discovery Series II",
    "ImagePath": "https://img.fruugo.com/product/1/51/178454511_max.jpg"
  },
  {
    "Vendor": "Scion",
    "Year": 2011,
    "Model": "tC",
    "ImagePath": "https://img.fruugo.com/product/1/51/178454511_max.jpg"
  },
  {
    "Vendor": "Honda",
    "Year": 2008,
    "Model": "Odyssey",
    "ImagePath": "https://img.fruugo.com/product/1/51/178454511_max.jpg"
  },
  {
    "Vendor": "Porsche",
    "Year": 1990,
    "Model": "944",
    "ImagePath": "https://img.fruugo.com/product/1/51/178454511_max.jpg"
  },
  {
    "Vendor": "Toyota",
    "Year": 1994,
    "Model": "T100",
    "ImagePath": "https://img.fruugo.com/product/1/51/178454511_max.jpg"
  },
  {
    "Vendor": "Pontiac",
    "Year": 2003,
    "Model": "Vibe",
    "ImagePath": "https://img.fruugo.com/product/1/51/178454511_max.jpg"
  },
  {
    "Vendor": "Chevrolet",
    "Year": 2001,
    "Model": "Venture",
    "ImagePath": "https://img.fruugo.com/product/1/51/178454511_max.jpg"
  },
  {
    "Vendor": "Chevrolet",
    "Year": 2008,
    "Model": "Silverado 2500",
    "ImagePath": "https://img.fruugo.com/product/1/51/178454511_max.jpg"
  },
  {
    "Vendor": "Chrysler",
    "Year": 2008,
    "Model": "Aspen",
    "ImagePath": "https://img.fruugo.com/product/1/51/178454511_max.jpg"
  },
  {
    "Vendor": "Chrysler",
    "Year": 2001,
    "Model": "PT Cruiser",
    "ImagePath": "https://img.fruugo.com/product/1/51/178454511_max.jpg"
  },
  {
    "Vendor": "Plymouth",
    "Year": 1995,
    "Model": "Grand Voyager",
    "ImagePath": "https://img.fruugo.com/product/1/51/178454511_max.jpg"
  },
  {
    "Vendor": "Ferrari",
    "Year": 2008,
    "Model": "430 Scuderia",
    "ImagePath": "https://img.fruugo.com/product/1/51/178454511_max.jpg"
  },
  {
    "Vendor": "Pontiac",
    "Year": 1998,
    "Model": "Bonneville",
    "ImagePath": "https://img.fruugo.com/product/1/51/178454511_max.jpg"
  },
  {
    "Vendor": "Chrysler",
    "Year": 2008,
    "Model": "Town & Country",
    "ImagePath": "https://img.fruugo.com/product/1/51/178454511_max.jpg"
  },
  {
    "Vendor": "Mercedes-Benz",
    "Year": 2007,
    "Model": "CLK-Class",
    "ImagePath": "https://img.fruugo.com/product/1/51/178454511_max.jpg"
  },
  {
    "Vendor": "Ford",
    "Year": 1984,
    "Model": "Mustang",
    "ImagePath": "https://img.fruugo.com/product/1/51/178454511_max.jpg"
  },
  {
    "Vendor": "Suzuki",
    "Year": 2009,
    "Model": "Equator",
    "ImagePath": "https://img.fruugo.com/product/1/51/178454511_max.jpg"
  },
  {
    "Vendor": "Subaru",
    "Year": 2006,
    "Model": "Baja",
    "ImagePath": "https://img.fruugo.com/product/1/51/178454511_max.jpg"
  },
  {
    "Vendor": "Ford",
    "Year": 1992,
    "Model": "Festiva",
    "ImagePath": "https://img.fruugo.com/product/1/51/178454511_max.jpg"
  },
  {
    "Vendor": "Porsche",
    "Year": 1983,
    "Model": "944",
    "ImagePath": "https://img.fruugo.com/product/1/51/178454511_max.jpg"
  },
  {
    "Vendor": "Pontiac",
    "Year": 1996,
    "Model": "Sunfire",
    "ImagePath": "https://img.fruugo.com/product/1/51/178454511_max.jpg"
  },
  {
    "Vendor": "Subaru",
    "Year": 1999,
    "Model": "Legacy",
    "ImagePath": "https://img.fruugo.com/product/1/51/178454511_max.jpg"
  },
  {
    "Vendor": "Dodge",
    "Year": 2001,
    "Model": "Ram Van 3500",
    "ImagePath": "https://img.fruugo.com/product/1/51/178454511_max.jpg"
  },
  {
    "Vendor": "Mitsubishi",
    "Year": 1993,
    "Model": "Galant",
    "ImagePath": "https://img.fruugo.com/product/1/51/178454511_max.jpg"
  },
  {
    "Vendor": "Volkswagen",
    "Year": 2012,
    "Model": "Passat",
    "ImagePath": "https://img.fruugo.com/product/1/51/178454511_max.jpg"
  },
  {
    "Vendor": "Ford",
    "Year": 2009,
    "Model": "Mustang",
    "ImagePath": "https://img.fruugo.com/product/1/51/178454511_max.jpg"
  },
  {
    "Vendor": "Jeep",
    "Year": 2006,
    "Model": "Wrangler",
    "ImagePath": "https://img.fruugo.com/product/1/51/178454511_max.jpg"
  },
  {
    "Vendor": "Ford",
    "Year": 1990,
    "Model": "LTD Crown Victoria",
    "ImagePath": "https://img.fruugo.com/product/1/51/178454511_max.jpg"
  },
  {
    "Vendor": "Lexus",
    "Year": 2004,
    "Model": "ES",
    "ImagePath": "https://img.fruugo.com/product/1/51/178454511_max.jpg"
  },
  {
    "Vendor": "Chevrolet",
    "Year": 1999,
    "Model": "Silverado",
    "ImagePath": "https://img.fruugo.com/product/1/51/178454511_max.jpg"
  },
  {
    "Vendor": "Maserati",
    "Year": 2002,
    "Model": "Spyder",
    "ImagePath": "https://img.fruugo.com/product/1/51/178454511_max.jpg"
  },
  {
    "Vendor": "Infiniti",
    "Year": 1992,
    "Model": "M",
    "ImagePath": "https://img.fruugo.com/product/1/51/178454511_max.jpg"
  },
  {
    "Vendor": "Mercedes-Benz",
    "Year": 1998,
    "Model": "SLK-Class",
    "ImagePath": "https://img.fruugo.com/product/1/51/178454511_max.jpg"
  },
  {
    "Vendor": "Pontiac",
    "Year": 1991,
    "Model": "6000",
    "ImagePath": "https://img.fruugo.com/product/1/51/178454511_max.jpg"
  },
  {
    "Vendor": "Lamborghini",
    "Year": 1986,
    "Model": "Countach",
    "ImagePath": "https://img.fruugo.com/product/1/51/178454511_max.jpg"
  },
  {
    "Vendor": "Dodge",
    "Year": 1992,
    "Model": "Caravan",
    "ImagePath": "https://img.fruugo.com/product/1/51/178454511_max.jpg"
  },
  {
    "Vendor": "Land Rover",
    "Year": 1994,
    "Model": "Defender 90",
    "ImagePath": "https://img.fruugo.com/product/1/51/178454511_max.jpg"
  },
  {
    "Vendor": "Mitsubishi",
    "Year": 2006,
    "Model": "Pajero",
    "ImagePath": "https://img.fruugo.com/product/1/51/178454511_max.jpg"
  },
  {
    "Vendor": "Mitsubishi",
    "Year": 2003,
    "Model": "Outlander",
    "ImagePath": "https://img.fruugo.com/product/1/51/178454511_max.jpg"
  },
  {
    "Vendor": "BMW",
    "Year": 2004,
    "Model": "M3",
    "ImagePath": "https://img.fruugo.com/product/1/51/178454511_max.jpg"
  },
  {
    "Vendor": "Cadillac",
    "Year": 1993,
    "Model": "Fleetwood",
    "ImagePath": "https://img.fruugo.com/product/1/51/178454511_max.jpg"
  },
  {
    "Vendor": "Volkswagen",
    "Year": 2012,
    "Model": "Touareg",
    "ImagePath": "https://img.fruugo.com/product/1/51/178454511_max.jpg"
  },
  {
    "Vendor": "Chevrolet",
    "Year": 2011,
    "Model": "Traverse",
    "ImagePath": "https://img.fruugo.com/product/1/51/178454511_max.jpg"
  },
  {
    "Vendor": "GMC",
    "Year": 1992,
    "Model": "3500 Club Coupe",
    "ImagePath": "https://img.fruugo.com/product/1/51/178454511_max.jpg"
  },
  {
    "Vendor": "Acura",
    "Year": 1998,
    "Model": "NSX",
    "ImagePath": "https://img.fruugo.com/product/1/51/178454511_max.jpg"
  },
  {
    "Vendor": "Mazda",
    "Year": 1987,
    "Model": "Familia",
    "ImagePath": "https://img.fruugo.com/product/1/51/178454511_max.jpg"
  },
  {
    "Vendor": "Infiniti",
    "Year": 2012,
    "Model": "G37",
    "ImagePath": "https://img.fruugo.com/product/1/51/178454511_max.jpg"
  },
  {
    "Vendor": "Chevrolet",
    "Year": 2008,
    "Model": "Cobalt",
    "ImagePath": "https://img.fruugo.com/product/1/51/178454511_max.jpg"
  },
  {
    "Vendor": "Acura",
    "Year": 2002,
    "Model": "RSX",
    "ImagePath": "https://img.fruugo.com/product/1/51/178454511_max.jpg"
  },
  {
    "Vendor": "Mitsubishi",
    "Year": 2004,
    "Model": "Lancer",
    "ImagePath": "https://img.fruugo.com/product/1/51/178454511_max.jpg"
  },
  {
    "Vendor": "GMC",
    "Year": 2012,
    "Model": "Sierra 1500",
    "ImagePath": "https://img.fruugo.com/product/1/51/178454511_max.jpg"
  },
  {
    "Vendor": "Toyota",
    "Year": 1996,
    "Model": "Corolla",
    "ImagePath": "https://img.fruugo.com/product/1/51/178454511_max.jpg"
  },
  {
    "Vendor": "Land Rover",
    "Year": 1996,
    "Model": "Range Rover",
    "ImagePath": "https://img.fruugo.com/product/1/51/178454511_max.jpg"
  },
  {
    "Vendor": "Dodge",
    "Year": 2004,
    "Model": "Viper",
    "ImagePath": "https://img.fruugo.com/product/1/51/178454511_max.jpg"
  },
  {
    "Vendor": "Honda",
    "Year": 1987,
    "Model": "Accord",
    "ImagePath": "https://img.fruugo.com/product/1/51/178454511_max.jpg"
  },
  {
    "Vendor": "BMW",
    "Year": 2011,
    "Model": "7 Series",
    "ImagePath": "https://img.fruugo.com/product/1/51/178454511_max.jpg"
  },
  {
    "Vendor": "Pontiac",
    "Year": 1985,
    "Model": "Firefly",
    "ImagePath": "https://img.fruugo.com/product/1/51/178454511_max.jpg"
  },
  {
    "Vendor": "Lincoln",
    "Year": 2010,
    "Model": "MKS",
    "ImagePath": "https://img.fruugo.com/product/1/51/178454511_max.jpg"
  },
  {
    "Vendor": "Infiniti",
    "Year": 2011,
    "Model": "EX",
    "ImagePath": "https://img.fruugo.com/product/1/51/178454511_max.jpg"
  },
  {
    "Vendor": "Fiat",
    "Year": 2012,
    "Model": "500",
    "ImagePath": "https://img.fruugo.com/product/1/51/178454511_max.jpg"
  },
  {
    "Vendor": "GMC",
    "Year": 1993,
    "Model": "Rally Wagon 1500",
    "ImagePath": "https://img.fruugo.com/product/1/51/178454511_max.jpg"
  },
  {
    "Vendor": "Mazda",
    "Year": 1996,
    "Model": "MX-3",
    "ImagePath": "https://img.fruugo.com/product/1/51/178454511_max.jpg"
  },
  {
    "Vendor": "Oldsmobile",
    "Year": 2000,
    "Model": "Bravada",
    "ImagePath": "https://img.fruugo.com/product/1/51/178454511_max.jpg"
  },
  {
    "Vendor": "BMW",
    "Year": 1999,
    "Model": "5 Series",
    "ImagePath": "https://img.fruugo.com/product/1/51/178454511_max.jpg"
  },
  {
    "Vendor": "Toyota",
    "Year": 1997,
    "Model": "Paseo",
    "ImagePath": "https://img.fruugo.com/product/1/51/178454511_max.jpg"
  },
  {
    "Vendor": "Land Rover",
    "Year": 1994,
    "Model": "Discovery",
    "ImagePath": "https://img.fruugo.com/product/1/51/178454511_max.jpg"
  },
  {
    "Vendor": "Chrysler",
    "Year": 1997,
    "Model": "Cirrus",
    "ImagePath": "https://img.fruugo.com/product/1/51/178454511_max.jpg"
  },
  {
    "Vendor": "Lincoln",
    "Year": 2008,
    "Model": "Navigator L",
    "ImagePath": "https://img.fruugo.com/product/1/51/178454511_max.jpg"
  },
  {
    "Vendor": "Toyota",
    "Year": 2001,
    "Model": "Land Cruiser",
    "ImagePath": "https://img.fruugo.com/product/1/51/178454511_max.jpg"
  },
  {
    "Vendor": "Chevrolet",
    "Year": 2008,
    "Model": "Suburban 1500",
    "ImagePath": "https://img.fruugo.com/product/1/51/178454511_max.jpg"
  },
  {
    "Vendor": "Audi",
    "Year": 2006,
    "Model": "A4",
    "ImagePath": "https://img.fruugo.com/product/1/51/178454511_max.jpg"
  },
  {
    "Vendor": "Chevrolet",
    "Year": 2000,
    "Model": "Corvette",
    "ImagePath": "https://img.fruugo.com/product/1/51/178454511_max.jpg"
  },
  {
    "Vendor": "Nissan",
    "Year": 2006,
    "Model": "350Z Roadster",
    "ImagePath": "https://img.fruugo.com/product/1/51/178454511_max.jpg"
  },
  {
    "Vendor": "Fairthorpe",
    "Year": 1960,
    "Model": "Rockette",
    "ImagePath": "https://img.fruugo.com/product/1/51/178454511_max.jpg"
  },
  {
    "Vendor": "Mitsubishi",
    "Year": 2001,
    "Model": "Pajero",
    "ImagePath": "https://img.fruugo.com/product/1/51/178454511_max.jpg"
  },
  {
    "Vendor": "BMW",
    "Year": 2002,
    "Model": "7 Series",
    "ImagePath": "https://img.fruugo.com/product/1/51/178454511_max.jpg"
  },
  {
    "Vendor": "Mercedes-Benz",
    "Year": 2009,
    "Model": "E-Class",
    "ImagePath": "https://img.fruugo.com/product/1/51/178454511_max.jpg"
  },
  {
    "Vendor": "Subaru",
    "Year": 2006,
    "Model": "Legacy",
    "ImagePath": "https://img.fruugo.com/product/1/51/178454511_max.jpg"
  },
  {
    "Vendor": "Cadillac",
    "Year": 2008,
    "Model": "XLR-V",
    "ImagePath": "https://img.fruugo.com/product/1/51/178454511_max.jpg"
  },
  {
    "Vendor": "Saab",
    "Year": 1988,
    "Model": "900",
    "ImagePath": "https://img.fruugo.com/product/1/51/178454511_max.jpg"
  },
  {
    "Vendor": "Ford",
    "Year": 1993,
    "Model": "Escort",
    "ImagePath": "https://img.fruugo.com/product/1/51/178454511_max.jpg"
  },
  {
    "Vendor": "Bentley",
    "Year": 2008,
    "Model": "Continental",
    "ImagePath": "https://img.fruugo.com/product/1/51/178454511_max.jpg"
  },
  {
    "Vendor": "Buick",
    "Year": 2000,
    "Model": "Park Avenue",
    "ImagePath": "https://img.fruugo.com/product/1/51/178454511_max.jpg"
  },
  {
    "Vendor": "Acura",
    "Year": 2003,
    "Model": "RL",
    "ImagePath": "https://img.fruugo.com/product/1/51/178454511_max.jpg"
  },
  {
    "Vendor": "Volkswagen",
    "Year": 2012,
    "Model": "Routan",
    "ImagePath": "https://img.fruugo.com/product/1/51/178454511_max.jpg"
  },
  {
    "Vendor": "Mitsubishi",
    "Year": 2003,
    "Model": "Outlander",
    "ImagePath": "https://img.fruugo.com/product/1/51/178454511_max.jpg"
  },
  {
    "Vendor": "Mazda",
    "Year": 1995,
    "Model": "626",
    "ImagePath": "https://img.fruugo.com/product/1/51/178454511_max.jpg"
  },
  {
    "Vendor": "Acura",
    "Year": 2010,
    "Model": "RL",
    "ImagePath": "https://img.fruugo.com/product/1/51/178454511_max.jpg"
  },
  {
    "Vendor": "Audi",
    "Year": 2010,
    "Model": "S5",
    "ImagePath": "https://img.fruugo.com/product/1/51/178454511_max.jpg"
  },
  {
    "Vendor": "Eagle",
    "Year": 1991,
    "Model": "Talon",
    "ImagePath": "https://img.fruugo.com/product/1/51/178454511_max.jpg"
  },
  {
    "Vendor": "Land Rover",
    "Year": 2001,
    "Model": "Discovery Series II",
    "ImagePath": "https://img.fruugo.com/product/1/51/178454511_max.jpg"
  },
  {
    "Vendor": "Audi",
    "Year": 2005,
    "Model": "Allroad",
    "ImagePath": "https://img.fruugo.com/product/1/51/178454511_max.jpg"
  },
  {
    "Vendor": "Toyota",
    "Year": 2002,
    "Model": "Highlander",
    "ImagePath": "https://img.fruugo.com/product/1/51/178454511_max.jpg"
  },
  {
    "Vendor": "GMC",
    "Year": 2006,
    "Model": "Yukon XL 1500",
    "ImagePath": "https://img.fruugo.com/product/1/51/178454511_max.jpg"
  },
  {
    "Vendor": "GMC",
    "Year": 1995,
    "Model": "Rally Wagon G3500",
    "ImagePath": "https://img.fruugo.com/product/1/51/178454511_max.jpg"
  },
  {
    "Vendor": "Toyota",
    "Year": 2007,
    "Model": "Sienna",
    "ImagePath": "https://img.fruugo.com/product/1/51/178454511_max.jpg"
  },
  {
    "Vendor": "Buick",
    "Year": 1986,
    "Model": "Skyhawk",
    "ImagePath": "https://img.fruugo.com/product/1/51/178454511_max.jpg"
  },
  {
    "Vendor": "Ford",
    "Year": 2013,
    "Model": "Escape",
    "ImagePath": "https://img.fruugo.com/product/1/51/178454511_max.jpg"
  },
  {
    "Vendor": "Pontiac",
    "Year": 1995,
    "Model": "Grand Prix",
    "ImagePath": "https://img.fruugo.com/product/1/51/178454511_max.jpg"
  },
  {
    "Vendor": "Dodge",
    "Year": 2002,
    "Model": "Dakota",
    "ImagePath": "https://img.fruugo.com/product/1/51/178454511_max.jpg"
  },
  {
    "Vendor": "Audi",
    "Year": 2003,
    "Model": "RS 6",
    "ImagePath": "https://img.fruugo.com/product/1/51/178454511_max.jpg"
  },
  {
    "Vendor": "Ford",
    "Year": 1965,
    "Model": "Thunderbird",
    "ImagePath": "https://img.fruugo.com/product/1/51/178454511_max.jpg"
  },
  {
    "Vendor": "Pontiac",
    "Year": 1967,
    "Model": "GTO",
    "ImagePath": "https://img.fruugo.com/product/1/51/178454511_max.jpg"
  },
  {
    "Vendor": "Ford",
    "Year": 2003,
    "Model": "E150",
    "ImagePath": "https://img.fruugo.com/product/1/51/178454511_max.jpg"
  },
  {
    "Vendor": "Audi",
    "Year": 2012,
    "Model": "A8",
    "ImagePath": "https://img.fruugo.com/product/1/51/178454511_max.jpg"
  },
  {
    "Vendor": "Suzuki",
    "Year": 1998,
    "Model": "Esteem",
    "ImagePath": "https://img.fruugo.com/product/1/51/178454511_max.jpg"
  },
  {
    "Vendor": "Toyota",
    "Year": 1994,
    "Model": "Land Cruiser",
    "ImagePath": "https://img.fruugo.com/product/1/51/178454511_max.jpg"
  },
  {
    "Vendor": "Dodge",
    "Year": 2012,
    "Model": "Journey",
    "ImagePath": "https://img.fruugo.com/product/1/51/178454511_max.jpg"
  },
  {
    "Vendor": "Infiniti",
    "Year": 1992,
    "Model": "Q",
    "ImagePath": "https://img.fruugo.com/product/1/51/178454511_max.jpg"
  },
  {
    "Vendor": "Honda",
    "Year": 2003,
    "Model": "S2000",
    "ImagePath": "https://img.fruugo.com/product/1/51/178454511_max.jpg"
  },
  {
    "Vendor": "Lexus",
    "Year": 2008,
    "Model": "IS F",
    "ImagePath": "https://img.fruugo.com/product/1/51/178454511_max.jpg"
  },
  {
    "Vendor": "Subaru",
    "Year": 2011,
    "Model": "Outback",
    "ImagePath": "https://img.fruugo.com/product/1/51/178454511_max.jpg"
  },
  {
    "Vendor": "Infiniti",
    "Year": 2011,
    "Model": "QX56",
    "ImagePath": "https://img.fruugo.com/product/1/51/178454511_max.jpg"
  },
  {
    "Vendor": "Mercedes-Benz",
    "Year": 2004,
    "Model": "S-Class",
    "ImagePath": "https://img.fruugo.com/product/1/51/178454511_max.jpg"
  },
  {
    "Vendor": "Mercury",
    "Year": 2008,
    "Model": "Milan",
    "ImagePath": "https://img.fruugo.com/product/1/51/178454511_max.jpg"
  },
  {
    "Vendor": "Lexus",
    "Year": 1998,
    "Model": "LS",
    "ImagePath": "https://img.fruugo.com/product/1/51/178454511_max.jpg"
  },
  {
    "Vendor": "Lotus",
    "Year": 2009,
    "Model": "Elise",
    "ImagePath": "https://img.fruugo.com/product/1/51/178454511_max.jpg"
  },
  {
    "Vendor": "Aston Martin",
    "Year": 2011,
    "Model": "Virage",
    "ImagePath": "https://img.fruugo.com/product/1/51/178454511_max.jpg"
  },
  {
    "Vendor": "Honda",
    "Year": 1993,
    "Model": "Prelude",
    "ImagePath": "https://img.fruugo.com/product/1/51/178454511_max.jpg"
  },
  {
    "Vendor": "Chevrolet",
    "Year": 2004,
    "Model": "Impala",
    "ImagePath": "https://img.fruugo.com/product/1/51/178454511_max.jpg"
  },
  {
    "Vendor": "Honda",
    "Year": 2009,
    "Model": "S2000",
    "ImagePath": "https://img.fruugo.com/product/1/51/178454511_max.jpg"
  },
  {
    "Vendor": "Mitsubishi",
    "Year": 2001,
    "Model": "Pajero",
    "ImagePath": "https://img.fruugo.com/product/1/51/178454511_max.jpg"
  },
  {
    "Vendor": "Daihatsu",
    "Year": 1992,
    "Model": "Charade",
    "ImagePath": "https://img.fruugo.com/product/1/51/178454511_max.jpg"
  },
  {
    "Vendor": "Ford",
    "Year": 1984,
    "Model": "F250",
    "ImagePath": "https://img.fruugo.com/product/1/51/178454511_max.jpg"
  },
  {
    "Vendor": "Hyundai",
    "Year": 2007,
    "Model": "Accent",
    "ImagePath": "https://img.fruugo.com/product/1/51/178454511_max.jpg"
  },
  {
    "Vendor": "Mitsubishi",
    "Year": 2004,
    "Model": "Endeavor",
    "ImagePath": "https://img.fruugo.com/product/1/51/178454511_max.jpg"
  },
  {
    "Vendor": "Ford",
    "Year": 1990,
    "Model": "Bronco II",
    "ImagePath": "https://img.fruugo.com/product/1/51/178454511_max.jpg"
  },
  {
    "Vendor": "Pontiac",
    "Year": 1987,
    "Model": "Grand Am",
    "ImagePath": "https://img.fruugo.com/product/1/51/178454511_max.jpg"
  },
  {
    "Vendor": "Mercedes-Benz",
    "Year": 1990,
    "Model": "S-Class",
    "ImagePath": "https://img.fruugo.com/product/1/51/178454511_max.jpg"
  },
  {
    "Vendor": "Oldsmobile",
    "Year": 2000,
    "Model": "Intrigue",
    "ImagePath": "https://img.fruugo.com/product/1/51/178454511_max.jpg"
  },
  {
    "Vendor": "Saab",
    "Year": 2001,
    "Model": "9-5",
    "ImagePath": "https://img.fruugo.com/product/1/51/178454511_max.jpg"
  }
]
